DELIMITER //

CREATE FUNCTION LIMPIAR(str VARCHAR(255))  -- Change nvarchar(MAX) to VARCHAR(255)
RETURNS VARCHAR(255)
BEGIN
  DECLARE clean_str VARCHAR(255);
  SET clean_str = REPLACE(str, 'á', 'a');
  SET clean_str = REPLACE(clean_str, 'é', 'e');
  SET clean_str = REPLACE(clean_str, 'í', 'i');
  SET clean_str = REPLACE(clean_str, 'ó', 'o');
  SET clean_str = REPLACE(clean_str, 'ú', 'u');
  SET clean_str = REPLACE(clean_str, 'Á', 'A');
  SET clean_str = REPLACE(clean_str, 'É', 'E');
  SET clean_str = REPLACE(clean_str, 'Í', 'I');
  SET clean_str = REPLACE(clean_str, 'Ó', 'O');
  SET clean_str = REPLACE(clean_str, 'Ú', 'U');
  SET clean_str = REPLACE(clean_str, '&', '');
  SET clean_str = REPLACE(clean_str, '-', '');
  SET clean_str = REPLACE(clean_str, '_', '');
  SET clean_str = REPLACE(clean_str, '+', '');
  SET clean_str = REPLACE(clean_str, '"', '');
  SET clean_str = REPLACE(clean_str, '''', '');
  SET clean_str = REPLACE(clean_str, ',', '');
  SET clean_str = REPLACE(clean_str, '.', '');
  SET clean_str = REPLACE(clean_str, '?', '');
  SET clean_str = REPLACE(clean_str, '`', '');
  SET clean_str = REPLACE(clean_str, '!', '');
  SET clean_str = REPLACE(clean_str, '¡', '');
  SET clean_str = REPLACE(clean_str, '¿', '');
  SET clean_str = REPLACE(clean_str, 'ñ', 'n');
  SET clean_str = REPLACE(clean_str, 'Ñ', 'N');
  SET clean_str = REPLACE(clean_str, 'ü', 'u');
  SET clean_str = REPLACE(clean_str, 'Ü', 'U');
  SET clean_str = REPLACE(clean_str, ' ', '');
  SET clean_str = UPPER(clean_str);
  RETURN clean_str;
END //

DELIMITER ;

-- Table: AUTOR
CREATE TABLE `AUTOR` (
  `ID_AUTOR` INT NOT NULL,
  `NOMBRE` VARCHAR(255) DEFAULT NULL,
  `DESCRIPCION` VARCHAR(1000) DEFAULT NULL,
  `IMAGEN` VARCHAR(255) DEFAULT NULL,
  PRIMARY KEY (`ID_AUTOR`)
) ENGINE=InnoDB DEFAULT CHARSET=utf8mb4;

-- Table: LIBRO
CREATE TABLE `LIBRO` (
  `ID_LIBRO` INT NOT NULL,
  `TITULO` VARCHAR(255) DEFAULT NULL,
  `SINOPSIS` VARCHAR(2000) DEFAULT NULL,
  `FECHA_PUBLICACION` DATE DEFAULT NULL,
  `PORTADA` VARCHAR(255) DEFAULT NULL,
  `ID_AUTOR` INT DEFAULT NULL,
  `ID_CATEGORIA` INT DEFAULT NULL,
  `ID_SAGA` INT DEFAULT NULL,
  PRIMARY KEY (`ID_LIBRO`)
) ENGINE=InnoDB DEFAULT CHARSET=utf8mb4;

-- Table: FORMATO
CREATE TABLE `FORMATO` (
  `ID_FORMATO` INT NOT NULL,
  `NOMBRE` VARCHAR(255) DEFAULT NULL,
  `DESCRIPCION` VARCHAR(255) DEFAULT NULL,
  PRIMARY KEY (`ID_FORMATO`)
) ENGINE=InnoDB DEFAULT CHARSET=utf8mb4;
-- Table: PRODUCTO
CREATE TABLE `PRODUCTO` (
  `ID_PRODUCTO` INT NOT NULL,
  `ISBN` VARCHAR(50) DEFAULT NULL,
  `PRECIO` FLOAT(10,2) DEFAULT NULL,
  `ID_FORMATO` INT DEFAULT NULL,
  `ID_LIBRO` INT DEFAULT NULL,
  `ID_EDITORIAL` INT DEFAULT NULL,
  PRIMARY KEY (`ID_PRODUCTO`)
) ENGINE=InnoDB DEFAULT CHARSET=utf8mb4;

-- Table: PEDIDOS_PRODUCTOS
CREATE TABLE `PEDIDOS_PRODUCTOS` (
  `ID_PEDIDO_PRODUCTO` INT NOT NULL,
  `UNIDADES` INT DEFAULT NULL,
  `ID_PEDIDO` INT DEFAULT NULL,
  `ID_PRODUCTO` INT DEFAULT NULL,
  PRIMARY KEY (`ID_PEDIDO_PRODUCTO`)
) ENGINE=InnoDB DEFAULT CHARSET=utf8mb4;
-- View: V_PEDIDO_PRODUCTO
CREATE VIEW `V_PEDIDO_PRODUCTO` AS
SELECT
  COALESCE(pp.ID_PEDIDO_PRODUCTO, -1) AS ID_PEDIDO_PRODUCTO,
  l.ID_LIBRO,
  l.TITULO,
  l.PORTADA,
  COALESCE(a.NOMBRE, 'Desconocido') AS AUTOR,
  p.ID_FORMATO,
  f.NOMBRE AS FORMATO,
  pp.UNIDADES,
  p.PRECIO,
  pp.ID_PEDIDO,
  pp.ID_PRODUCTO
FROM PEDIDOS_PRODUCTOS pp
INNER JOIN PRODUCTO p ON pp.ID_PRODUCTO = p.ID_PRODUCTO
INNER JOIN FORMATO f ON p.ID_FORMATO = f.ID_FORMATO
INNER JOIN LIBRO l ON p.ID_LIBRO = l.ID_LIBRO
LEFT JOIN AUTOR a ON l.ID_AUTOR = a.ID_AUTOR;
-- TABLE ESTADO_PEDIDO
CREATE TABLE `ESTADO_PEDIDO` (
  `ID_ESTADO_PEDIDO` INT NOT NULL,
  `NOMBRE` VARCHAR(255) DEFAULT NULL,
  `DESCRIPCION` VARCHAR(255) DEFAULT NULL,
  PRIMARY KEY (`ID_ESTADO_PEDIDO`)
) ENGINE=InnoDB DEFAULT CHARSET=utf8mb4;
-- TABLE PEDIDO
CREATE TABLE `PEDIDO` (
  `ID_PEDIDO` INT NOT NULL,
  `ID_USUARIO` INT DEFAULT NULL,
  `FECHA_SOLICITUD` DATE DEFAULT NULL,
  `FECHA_ESTIMADA` DATE DEFAULT NULL,
  `FECHA_ENTREGA` DATE DEFAULT NULL,
  `ID_ESTADO_PEDIDO` INT DEFAULT NULL,
  PRIMARY KEY (`ID_PEDIDO`)
) ENGINE=InnoDB DEFAULT CHARSET=utf8mb4;
-- VIEW V_PEDIDO
CREATE VIEW `V_PEDIDO` AS
SELECT
  p.ID_PEDIDO,
  p.ID_USUARIO,
  p.FECHA_SOLICITUD,
  p.FECHA_ESTIMADA,
  ep.NOMBRE AS ESTADO_PEDIDO,
  GROUP_CONCAT(l.TITULO SEPARATOR ', ') AS LIBROS
FROM PEDIDO p
INNER JOIN ESTADO_PEDIDO ep ON p.ID_ESTADO_PEDIDO = ep.ID_ESTADO_PEDIDO
INNER JOIN PEDIDOS_PRODUCTOS pp ON p.ID_PEDIDO = pp.ID_PEDIDO
INNER JOIN PRODUCTO pr ON pp.ID_PRODUCTO = pr.ID_PRODUCTO
INNER JOIN LIBRO l ON pr.ID_LIBRO = l.ID_LIBRO
GROUP BY p.ID_PEDIDO, p.ID_USUARIO, p.FECHA_SOLICITUD, p.FECHA_ESTIMADA, ep.NOMBRE;
-- TABLE GENERO
CREATE TABLE `GENERO` (
  `ID_GENERO` INT NOT NULL,
  `NOMBRE` VARCHAR(255) DEFAULT NULL,
  `DESCRIPCION` VARCHAR(255) DEFAULT NULL,
  PRIMARY KEY (`ID_GENERO`)
) ENGINE=InnoDB DEFAULT CHARSET=utf8mb4;

CREATE TABLE `GENEROS_LIBROS` (
  `ID_GENERO_LIBRO` INT NOT NULL,
  `ID_GENERO` INT DEFAULT NULL,
  `ID_LIBRO` INT DEFAULT NULL,
  PRIMARY KEY (`ID_GENERO_LIBRO`)
) ENGINE=InnoDB DEFAULT CHARSET=utf8mb4;

CREATE TABLE `CATEGORIA` (
  `ID_CATEGORIA` INT NOT NULL,
  `NOMBRE` VARCHAR(255) DEFAULT NULL,
  `DESCRIPCION` VARCHAR(255) DEFAULT NULL,
  PRIMARY KEY (`ID_CATEGORIA`)
) ENGINE=InnoDB DEFAULT CHARSET=utf8mb4;

CREATE TABLE `SAGA` (
  `ID_SAGA` INT NOT NULL,
  `NOMBRE` VARCHAR(255) DEFAULT NULL,
  `DESCRIPCION` VARCHAR(1000) DEFAULT NULL,
  PRIMARY KEY (`ID_SAGA`)
) ENGINE=InnoDB DEFAULT CHARSET=utf8mb4;

CREATE TABLE `EDITORIAL` (
  `ID_EDITORIAL` INT NOT NULL,
  `NOMBRE` VARCHAR(255) DEFAULT NULL,
  `LOGO` VARCHAR(255) DEFAULT NULL,
  PRIMARY KEY (`ID_EDITORIAL`)
) ENGINE=InnoDB DEFAULT CHARSET=utf8mb4;

CREATE VIEW `V_PRODUCTO` AS
SELECT
  COALESCE(p.ID_PRODUCTO, -1) AS ID_PRODUCTO,
  l.ID_LIBRO,
  l.TITULO,
  l.SINOPSIS,
  l.FECHA_PUBLICACION,
  l.PORTADA,
  c.NOMBRE AS CATEGORIA,
  a.NOMBRE AS AUTOR,
  GROUP_CONCAT(g.NOMBRE SEPARATOR ', ') AS GENEROS,
  s.NOMBRE AS SAGA,
  p.ISBN,
  f.NOMBRE AS FORMATO,
  p.PRECIO,
  e.NOMBRE AS EDITORIAL,
  e.LOGO
FROM LIBRO l
LEFT JOIN CATEGORIA c ON l.ID_CATEGORIA = c.ID_CATEGORIA AND l.TITULO IS NOT NULL
LEFT JOIN AUTOR a ON l.ID_AUTOR = a.ID_AUTOR AND a.NOMBRE IS NOT NULL
LEFT JOIN SAGA s ON s.ID_SAGA = l.ID_SAGA
LEFT JOIN GENEROS_LIBROS gl ON gl.ID_LIBRO = l.ID_LIBRO
LEFT JOIN GENERO g ON g.ID_GENERO = gl.ID_GENERO
INNER JOIN PRODUCTO p ON l.ID_LIBRO = p.ID_LIBRO AND p.ISBN IS NOT NULL AND p.PRECIO IS NOT NULL
LEFT JOIN EDITORIAL e ON e.ID_EDITORIAL = p.ID_EDITORIAL
INNER JOIN FORMATO f ON f.ID_FORMATO = p.ID_FORMATO
GROUP BY p.ID_PRODUCTO, l.ID_LIBRO, l.TITULO, c.NOMBRE, a.NOMBRE,
         s.NOMBRE, l.SINOPSIS, l.FECHA_PUBLICACION, l.PORTADA,
         p.ISBN, p.PRECIO, e.NOMBRE, e.LOGO;

CREATE VIEW `V_PRODUCTO_SIMPLE` AS
SELECT
  COALESCE(p.ID_PRODUCTO, -1) AS ID_PRODUCTO,
  l.ID_LIBRO,
  l.TITULO,
  l.PORTADA,
  a.NOMBRE AS AUTOR,
  p.PRECIO,
  p.ID_FORMATO,
  f.NOMBRE AS FORMATO,
  1 AS UNIDADES  -- Cast to INT explicitly for consistency
FROM Libro l
LEFT JOIN AUTOR a ON l.ID_AUTOR = a.ID_AUTOR AND l.TITULO IS NOT NULL AND a.NOMBRE IS NOT NULL
INNER JOIN PRODUCTO p ON l.ID_LIBRO = p.ID_LIBRO AND p.PRECIO IS NOT NULL
INNER JOIN FORMATO f ON p.ID_FORMATO = f.ID_FORMATO AND f.NOMBRE IS NOT NULL;

CREATE VIEW `V_PRODUCTO_BUSCADO` AS
SELECT
  COALESCE(p.ID_PRODUCTO, -1) AS ID_PRODUCTO,
  l.TITULO,
  l.ID_LIBRO,
  l.PORTADA,
  a.NOMBRE AS AUTOR,
  p.PRECIO,
  p.ID_FORMATO,
  f.NOMBRE AS FORMATO,
  G.ID_GENERO,
  l.ID_CATEGORIA,
  1 AS UNIDADES,
  s.NOMBRE AS SAGA
FROM Libro l
LEFT JOIN AUTOR a ON l.ID_AUTOR = a.ID_AUTOR AND l.TITULO IS NOT NULL AND a.NOMBRE IS NOT NULL
INNER JOIN PRODUCTO p ON l.ID_LIBRO = p.ID_LIBRO AND p.PRECIO IS NOT NULL
INNER JOIN FORMATO f ON p.ID_FORMATO = f.ID_FORMATO AND f.NOMBRE IS NOT NULL
INNER JOIN GENEROS_LIBROS gl ON l.ID_LIBRO = gl.ID_LIBRO  -- Changed to inner join for required data
INNER JOIN GENERO g ON gl.ID_GENERO = g.ID_GENERO
LEFT JOIN SAGA s ON l.ID_SAGA = s.ID_SAGA;

CREATE VIEW `V_FORMATO_LIBRO` AS
SELECT
  COALESCE(p.ID_PRODUCTO, -1) AS ID_PRODUCTO,
  p.ID_LIBRO,
  f.NOMBRE AS FORMATO
FROM PRODUCTO p
INNER JOIN FORMATO f ON f.ID_FORMATO = p.ID_FORMATO;

CREATE TABLE `INFORMACION_COMPRA` (
  `ID_INFORMACION_COMPRA` INT NOT NULL,
  `NOMBRE` VARCHAR(255) DEFAULT NULL,
  `DIRECCION` VARCHAR(255) DEFAULT NULL,
  `INDICACIONES` VARCHAR(255) DEFAULT NULL,
  `ID_METODO_PAGO` INT DEFAULT NULL,
  `ID_USUARIO` INT DEFAULT NULL,
  PRIMARY KEY (`ID_INFORMACION_COMPRA`)
) ENGINE=InnoDB DEFAULT CHARSET=utf8mb4;

CREATE TABLE `METODO_PAGO` (
  `ID_METODO_PAGO` INT NOT NULL,
  `NOMBRE` VARCHAR(255) DEFAULT NULL,
  PRIMARY KEY (`ID_METODO_PAGO`)
) ENGINE=InnoDB DEFAULT CHARSET=utf8mb4;

CREATE VIEW `V_INFORMACION_COMPRA_USUARIO` AS
SELECT
  COALESCE(ic.ID_INFORMACION_COMPRA, -1) AS ID_INFORMACION_COMPRA,
  ic.NOMBRE,
  ic.DIRECCION,
  ic.INDICACIONES,
  ic.ID_METODO_PAGO,
  mp.NOMBRE AS METODO_PAGO,
  ic.ID_USUARIO
FROM INFORMACION_COMPRA ic
INNER JOIN METODO_PAGO mp ON ic.ID_METODO_PAGO = mp.ID_METODO_PAGO;

CREATE TABLE `ESTADO` (
  `ID_ESTADO` INT NOT NULL,
  `NOMBRE` VARCHAR(255) DEFAULT NULL,
  `DESCRIPCION` VARCHAR(255) DEFAULT NULL,
  PRIMARY KEY (`ID_ESTADO`)
) ENGINE=InnoDB DEFAULT CHARSET=utf8mb4;

CREATE TABLE `OPINION` (
  `ID_OPINION` INT NOT NULL,
  `NOMBRE` VARCHAR(255) DEFAULT NULL,
  `DESCRIPCION` VARCHAR(255) DEFAULT NULL,
  PRIMARY KEY (`ID_OPINION`)
) ENGINE=InnoDB DEFAULT CHARSET=utf8mb4;

CREATE TABLE `OPINIONES_LIBROS` (
  `ID_OPINIONE_LIBRO` INT NOT NULL,
  `ID_OPINION` INT DEFAULT NULL,
  `ID_LIBRO` INT DEFAULT NULL,
  `ID_USUARIO` INT DEFAULT NULL,
  PRIMARY KEY (`ID_OPINIONE_LIBRO`),
  FOREIGN KEY (ID_OPINION) REFERENCES OPINION(ID_OPINION),
  FOREIGN KEY (ID_LIBRO) REFERENCES LIBRO(ID_LIBRO),
  FOREIGN KEY (ID_USUARIO) REFERENCES USUARIO(ID_USUARIO)
) ENGINE=InnoDB DEFAULT CHARSET=utf8mb4;

CREATE TABLE `ROL` (
  `ID_ROL` INT NOT NULL,
  `NOMBRE` VARCHAR(255) DEFAULT NULL,
  `DESCRIPCION` VARCHAR(255) DEFAULT NULL,
  PRIMARY KEY (`ID_ROL`)
) ENGINE=InnoDB DEFAULT CHARSET=utf8mb4;

CREATE TABLE `USUARIO` (
  `ID_USUARIO` INT NOT NULL,
  `NOMBRE` VARCHAR(255) DEFAULT NULL,
  `APELLIDO` VARCHAR(255) DEFAULT NULL,
  `EMAIL` VARCHAR(255) DEFAULT NULL,
  `PASSWORD` VARCHAR(255) DEFAULT NULL,
  `IMAGEN` VARCHAR(255) DEFAULT NULL,
  `PASS` VARBINARY(4000) DEFAULT NULL,
  `SALT` VARCHAR(4000) DEFAULT NULL,
  `TOKEN` VARCHAR(4000) DEFAULT NULL,
  `ID_ROL` INT DEFAULT NULL,
  `ID_ESTADO` INT DEFAULT NULL,
  PRIMARY KEY (`ID_USUARIO`),
  FOREIGN KEY (ID_ROL) REFERENCES ROL(ID_ROL),
  FOREIGN KEY (ID_ESTADO) REFERENCES ESTADO(ID_ESTADO)
) ENGINE=InnoDB DEFAULT CHARSET=utf8mb4;

CREATE TABLE `VALORACION` (
  `ID_VALORACION` INT NOT NULL,
  `PUNTUACION` INT DEFAULT NULL,
  `COMENTARIO` VARCHAR(4000) DEFAULT NULL,
  `FECHA_COMENTARIO` DATETIME DEFAULT NULL,
  `ID_USUARIO` INT DEFAULT NULL,
  PRIMARY KEY (`ID_VALORACION`),
  FOREIGN KEY (ID_USUARIO) REFERENCES USUARIO(ID_USUARIO)
) ENGINE=InnoDB DEFAULT CHARSET=utf8mb4;

CREATE TABLE `VALORACIONES_PRODUCTOS` (
  `ID_VALORACION_PRODUCTO` INT NOT NULL,
  `ID_VALORACION` INT DEFAULT NULL,
  `ID_PRODUCTO` INT DEFAULT NULL,
  PRIMARY KEY (`ID_VALORACION_PRODUCTO`),
  FOREIGN KEY (ID_VALORACION) REFERENCES VALORACION(ID_VALORACION),
  FOREIGN KEY (ID_PRODUCTO) REFERENCES PRODUCTO(ID_PRODUCTO)
) ENGINE=InnoDB DEFAULT CHARSET=utf8mb4;


-- INSERTS

INSERT `AUTOR` (`ID_AUTOR`, `NOMBRE`, `DESCRIPCION`, `IMAGEN`) VALUES (1, N'Brandon Sanderson', N'Prolífico autor de fantasía y ciencia ficción, famoso por sagas como Cosmere y Mistborn. Crea mundos mágicos complejos con sistemas de magia bien desarrollados. Sus historias son emocionantes, con personajes memorables y tramas llenas de acción.', N'brandon_sanderson.png')
INSERT `AUTOR` (`ID_AUTOR`, `NOMBRE`, `DESCRIPCION`, `IMAGEN`) VALUES (2, N'J.K. Rowling', N'Autora de la serie de Harry Potter, una de las más vendidas de la historia. Crea personajes entrañables y mundos mágicos llenos de aventuras. Sus obras exploran temas como la amistad, el valor y la lucha contra el mal.', N'jk_rowling.png')
INSERT `AUTOR` (`ID_AUTOR`, `NOMBRE`, `DESCRIPCION`, `IMAGEN`) VALUES (3, N'Stephen King', N'Maestro del terror, famoso por obras como "El resplandor" y "Carrie". Explora los miedos humanos con historias macabras y personajes perturbadores. Sus obras son a la vez aterradoras y reflexivas, con un toque de humor negro.', N'stephen_king.png')
INSERT `AUTOR` (`ID_AUTOR`, `NOMBRE`, `DESCRIPCION`, `IMAGEN`) VALUES (4, N'George R.R. Martin', N'Autor de la saga "Canción de hielo y fue", conocida por su realismo y complejidad. Crea personajes multidimensionales y tramas llenas de intrigas políticas. Sus obras desafían las expectativas del género fantástico, con un enfoque en la guerra y las consecuencias de la violencia.', N'george_rr_martin.png')
INSERT `AUTOR` (`ID_AUTOR`, `NOMBRE`, `DESCRIPCION`, `IMAGEN`) VALUES (5, N'Agatha Christie', N'Escritora británica, conocida como la "Reina del Crimen" por sus novelas de misterio y detectives como "Asesinato en el Orient Express" y "Diez Negritos".', N'agatha_christie.png')
INSERT `AUTOR` (`ID_AUTOR`, `NOMBRE`, `DESCRIPCION`, `IMAGEN`) VALUES (6, N'Isabel Allende', N'Escritora chilena, autora de novelas como "La casa de los espíritus" y "Eva Luna", que exploran temas como la familia, el amor y la historia latinoamericana.', N'isabel_allende.png')
INSERT `AUTOR` (`ID_AUTOR`, `NOMBRE`, `DESCRIPCION`, `IMAGEN`) VALUES (7, N'Gabriel García Márquez', N'Escritor colombiano, ganador del Premio Nobel de Literatura en 1982. Famoso por su obra maestra "Cien años de soledad", una novela que combina el realismo mágico con la historia de Macondo.', N'gabriel_garcia_marquez.png')
INSERT `AUTOR` (`ID_AUTOR`, `NOMBRE`, `DESCRIPCION`, `IMAGEN`) VALUES (8, N'Paulo Coelho', N'Escritor brasileño, autor de bestsellers como "El Alquimista" y "Brida", que exploran temas como la búsqueda del sentido de la vida y el autodescubrimiento.', N'paulo_coelho.png')
INSERT `AUTOR` (`ID_AUTOR`, `NOMBRE`, `DESCRIPCION`, `IMAGEN`) VALUES (9, N'Haruki Murakami', N'Escritor japonés, conocido por su estilo surrealista y sus historias que exploran la soledad, el aislamiento y la búsqueda de la identidad.', N'haruki_murakami.png')
INSERT `AUTOR` (`ID_AUTOR`, `NOMBRE`, `DESCRIPCION`, `IMAGEN`) VALUES (10, N'Neil Gaiman', N'Escritor británico, autor de novelas como "American ds" y "Coraline", que mezclan fantasía, mitología y temas contemporáneos.', N'neil_gaiman.png')
INSERT `AUTOR` (`ID_AUTOR`, `NOMBRE`, `DESCRIPCION`, `IMAGEN`) VALUES (11, N'Patrick Rothfuss', N'Autor estadounidense de fantasía épica, famoso por la trilogía "Crónica del Rey Matarreyes" y la novela "El nombre del viento". Sus obras se caracterizan por su complejo sistema de magia, sus personajes memorables y su prosa poética.', N'patrick_rothfuss.png')
INSERT `AUTOR` (`ID_AUTOR`, `NOMBRE`, `DESCRIPCION`, `IMAGEN`) VALUES (12, N'Robert Jordan', N'Autor estadounidense de fantasía épica, conocido por la saga "La rueda del tiempo". Crea un mundo extenso y complejo con una rica historia y personajes bien desarrollados. Sus obras son extensas y llenas de acción, con tramas que abarcan varios libros.', N'robert_jordan.png')

INSERT `CATERIA` (`ID_CATERIA`, `NOMBRE`, `DESCRIPCION`) VALUES (1, N'Ficción', N'Narraciones inventadas, que no se basan en hechos reales.')
INSERT `CATERIA` (`ID_CATERIA`, `NOMBRE`, `DESCRIPCION`) VALUES (2, N'No ficción', N'Narraciones que se basan en hechos reales, como biografías, libros de historia o documentales.')
INSERT `CATERIA` (`ID_CATERIA`, `NOMBRE`, `DESCRIPCION`) VALUES (3, N'Cómic', N'Historias ilustradas que se narran en viñetas, con o sin texto.')
INSERT `CATERIA` (`ID_CATERIA`, `NOMBRE`, `DESCRIPCION`) VALUES (4, N'Manga', N'Cómic japonés, caracterizado por su estilo de dibujo y sus historias.')
INSERT `CATERIA` (`ID_CATERIA`, `NOMBRE`, `DESCRIPCION`) VALUES (5, N'Juvenil', N'Literatura dirigida a jóvenes, generalmente entre 12 y 18 años.')
INSERT `CATERIA` (`ID_CATERIA`, `NOMBRE`, `DESCRIPCION`) VALUES (6, N'Infantil', N'Literatura dirigida a niños, generalmente menores de 12 años.')

INSERT `EDITORIAL` (`ID_EDITORIAL`, `NOMBRE`, `LO`) VALUES (1, N'Nova', N'nova.png')
INSERT `EDITORIAL` (`ID_EDITORIAL`, `NOMBRE`, `LO`) VALUES (2, N'B de Bolsillo', N'b_bolsillo.png')
INSERT `EDITORIAL` (`ID_EDITORIAL`, `NOMBRE`, `LO`) VALUES (3, N'Pottermore Publishing', N'pottermore_publishing.png')
INSERT `EDITORIAL` (`ID_EDITORIAL`, `NOMBRE`, `LO`) VALUES (4, N'Salamandra', N'salamandra.png')
INSERT `EDITORIAL` (`ID_EDITORIAL`, `NOMBRE`, `LO`) VALUES (5, N'DEBOLSILLO', N'debolsillo.png')
INSERT `EDITORIAL` (`ID_EDITORIAL`, `NOMBRE`, `LO`) VALUES (6, N'PLAZA & JANÉS', N'plaza_janes.png')
INSERT `EDITORIAL` (`ID_EDITORIAL`, `NOMBRE`, `LO`) VALUES (7, N'Gigamesh', N'gigamesh.png')
INSERT `EDITORIAL` (`ID_EDITORIAL`, `NOMBRE`, `LO`) VALUES (8, N'Espasa', N'espasa.png')
INSERT `EDITORIAL` (`ID_EDITORIAL`, `NOMBRE`, `LO`) VALUES (9, N'Molino', N'molino.png')
INSERT `EDITORIAL` (`ID_EDITORIAL`, `NOMBRE`, `LO`) VALUES (10, N'Austral', N'austral.png')
INSERT `EDITORIAL` (`ID_EDITORIAL`, `NOMBRE`, `LO`) VALUES (11, N'RANDOM HOUSE', N'random_hause.png')
INSERT `EDITORIAL` (`ID_EDITORIAL`, `NOMBRE`, `LO`) VALUES (12, N'Booket', N'booket.png')
INSERT `EDITORIAL` (`ID_EDITORIAL`, `NOMBRE`, `LO`) VALUES (13, N'Tusquets', N'tusquets.png')
INSERT `EDITORIAL` (`ID_EDITORIAL`, `NOMBRE`, `LO`) VALUES (14, N'Roca', N'roca.png')
INSERT `EDITORIAL` (`ID_EDITORIAL`, `NOMBRE`, `LO`) VALUES (15, N'Planeta', N'planeta.png')
INSERT `EDITORIAL` (`ID_EDITORIAL`, `NOMBRE`, `LO`) VALUES (16, N'Minotauro', N'minotauro.png')

INSERT `ESTADO` (`ID_ESTADO`, `NOMBRE`, `DESCRIPCION`) VALUES (1, N'Activo', N'Usuario activo')
INSERT `ESTADO` (`ID_ESTADO`, `NOMBRE`, `DESCRIPCION`) VALUES (2, N'Pendiente', N'Usuario pendiente de activación')
INSERT `ESTADO` (`ID_ESTADO`, `NOMBRE`, `DESCRIPCION`) VALUES (3, N'Eliminado', N'Usuario eliminado')

INSERT `ESTADO_PEDIDO` (`ID_ESTADO_PEDIDO`, `NOMBRE`, `DESCRIPCION`) VALUES (1, N'En espera', N'El pedido ha sido recibido, pero aún no se ha procesado.')
INSERT `ESTADO_PEDIDO` (`ID_ESTADO_PEDIDO`, `NOMBRE`, `DESCRIPCION`) VALUES (2, N'Procesando', N'El pedido está siendo preparado para su envío.')
INSERT `ESTADO_PEDIDO` (`ID_ESTADO_PEDIDO`, `NOMBRE`, `DESCRIPCION`) VALUES (3, N'Enviado', N'El pedido ha sido enviado al cliente, pero aún no ha sido entregado.')
INSERT `ESTADO_PEDIDO` (`ID_ESTADO_PEDIDO`, `NOMBRE`, `DESCRIPCION`) VALUES (4, N'En ruta', N'El pedido está en camino hacia la dirección del cliente.')
INSERT `ESTADO_PEDIDO` (`ID_ESTADO_PEDIDO`, `NOMBRE`, `DESCRIPCION`) VALUES (5, N'Entregado', N'El pedido ha sido entregado al cliente.')
INSERT `ESTADO_PEDIDO` (`ID_ESTADO_PEDIDO`, `NOMBRE`, `DESCRIPCION`) VALUES (6, N'Devolución', N'El pedido ha sido devuelto al vendedor.')
INSERT `ESTADO_PEDIDO` (`ID_ESTADO_PEDIDO`, `NOMBRE`, `DESCRIPCION`) VALUES (7, N'Cancelado', N'El pedido ha sido cancelado por el vendedor o el cliente.')
INSERT `ESTADO_PEDIDO` (`ID_ESTADO_PEDIDO`, `NOMBRE`, `DESCRIPCION`) VALUES (8, N'Finalizado', N'El pedido ha sido completado con éxito.')

INSERT `FORMATO` (`ID_FORMATO`, `NOMBRE`, `DESCRIPCION`) VALUES (1, N'Tapa Dura', N'Libro con tapa rígida')
INSERT `FORMATO` (`ID_FORMATO`, `NOMBRE`, `DESCRIPCION`) VALUES (2, N'Tapa Blanda', N'Libro con tapa blanda')
INSERT `FORMATO` (`ID_FORMATO`, `NOMBRE`, `DESCRIPCION`) VALUES (3, N'Ebook', N'Libro digital')

INSERT `GENERO` (`ID_GENERO`, `NOMBRE`, `DESCRIPCION`) VALUES (1, N'Fantasía', N'Historias que se desarrollan en mundos ficticios, a menudo con elementos mágicos o sobrenaturales.')
INSERT `GENERO` (`ID_GENERO`, `NOMBRE`, `DESCRIPCION`) VALUES (2, N'Acción', N'Historias que se centran en la emoción, el suspense y la aventura.')
INSERT `GENERO` (`ID_GENERO`, `NOMBRE`, `DESCRIPCION`) VALUES (3, N'Aventura', N'Historias que siguen a los personajes en viajes emocionantes y llenos de peligros.')
INSERT `GENERO` (`ID_GENERO`, `NOMBRE`, `DESCRIPCION`) VALUES (4, N'Distopía', N'Historias que se desarrollan en mundos futuros sombríos y opresivos.')
INSERT `GENERO` (`ID_GENERO`, `NOMBRE`, `DESCRIPCION`) VALUES (5, N'Cosmere', N'Es un universo ficticio creado por Brandon Sanderson. El Cosmere es el hogar de muchas novelas y series diferentes, todas las cuales están conectadas de alguna manera.')
INSERT `GENERO` (`ID_GENERO`, `NOMBRE`, `DESCRIPCION`) VALUES (6, N'Misterio', N'Historias que te invitan a sumergirte en un enigma, un crimen o un evento desconcertante que te desafiará a usar tu ingenio para descubrir la verdad.')
INSERT `GENERO` (`ID_GENERO`, `NOMBRE`, `DESCRIPCION`) VALUES (7, N'Magia', N'Historias llenas de hechizos, criaturas fantásticas, y sistemas mágicos.')
INSERT `GENERO` (`ID_GENERO`, `NOMBRE`, `DESCRIPCION`) VALUES (8, N'Política', N'Historias que que explora los sistemas políticos, las estructuras de poder y las relaciones entre el individuo y el Estado.')
INSERT `GENERO` (`ID_GENERO`, `NOMBRE`, `DESCRIPCION`) VALUES (9, N'Ciencia Ficción', N'Historias que exploran futuros tecnológicos y conceptos científicos avanzados.')
INSERT `GENERO` (`ID_GENERO`, `NOMBRE`, `DESCRIPCION`) VALUES (10, N'Horror', N'Historias diseñadas para provocar miedo y suspense en el lector.')
INSERT `GENERO` (`ID_GENERO`, `NOMBRE`, `DESCRIPCION`) VALUES (11, N'Drama', N'Narrativas centradas en conflictos emocionales y situaciones intensas.')
INSERT `GENERO` (`ID_GENERO`, `NOMBRE`, `DESCRIPCION`) VALUES (12, N'Romance', N'Historias de amor y relaciones románticas.')
INSERT `GENERO` (`ID_GENERO`, `NOMBRE`, `DESCRIPCION`) VALUES (13, N'Histórico', N'Historias que se desarrollan en contextos históricos reales o ficticios.')
INSERT `GENERO` (`ID_GENERO`, `NOMBRE`, `DESCRIPCION`) VALUES (14, N'Novela Negra', N'Historias de crimen y misterio, a menudo con detectives y tramas oscuras.')
INSERT `GENERO` (`ID_GENERO`, `NOMBRE`, `DESCRIPCION`) VALUES (15, N'Ciencia', N'Exploración de conceptos y avances científicos.')
INSERT `GENERO` (`ID_GENERO`, `NOMBRE`, `DESCRIPCION`) VALUES (16, N'Aventura', N'Emocionantes viajes y experiencias llenas de acción.')
INSERT `GENERO` (`ID_GENERO`, `NOMBRE`, `DESCRIPCION`) VALUES (17, N'Biografía', N'Relatos de la vida de personas reales.')
INSERT `GENERO` (`ID_GENERO`, `NOMBRE`, `DESCRIPCION`) VALUES (18, N'Ensayo', N'Textos que analizan, interpretan o argumentan sobre un tema específico.')
INSERT `GENERO` (`ID_GENERO`, `NOMBRE`, `DESCRIPCION`) VALUES (19, N'Poesía', N'Expresión artística a través de la palabra.')
INSERT `GENERO` (`ID_GENERO`, `NOMBRE`, `DESCRIPCION`) VALUES (20, N'Comedia', N'Narrativas diseñadas para provocar risas y entretenimiento.')
INSERT `GENERO` (`ID_GENERO`, `NOMBRE`, `DESCRIPCION`) VALUES (21, N'Autoayuda', N'Obras destinadas a mejorar el bienestar y el desarrollo personal.')
INSERT `GENERO` (`ID_GENERO`, `NOMBRE`, `DESCRIPCION`) VALUES (22, N'Música', N'Exploración de temas musicales y su influencia.')
INSERT `GENERO` (`ID_GENERO`, `NOMBRE`, `DESCRIPCION`) VALUES (23, N'Western', N'Historias ambientadas en el Viejo Oeste americano.')
INSERT `GENERO` (`ID_GENERO`, `NOMBRE`, `DESCRIPCION`) VALUES (24, N'Religión', N'Exploración de creencias espirituales y religiosas.')
INSERT `GENERO` (`ID_GENERO`, `NOMBRE`, `DESCRIPCION`) VALUES (25, N'Filosofía', N'Exploración de conceptos filosóficos y reflexiones sobre la existencia.')
INSERT `GENERO` (`ID_GENERO`, `NOMBRE`, `DESCRIPCION`) VALUES (26, N'Educativo', N'Material diseñado con propósitos educativos.')
INSERT `GENERO` (`ID_GENERO`, `NOMBRE`, `DESCRIPCION`) VALUES (27, N'Tecnología', N'Exploración de avances tecnológicos y su impacto en la sociedad.')
INSERT `GENERO` (`ID_GENERO`, `NOMBRE`, `DESCRIPCION`) VALUES (28, N'Salud', N'Información sobre el bienestar físico y mental.')
INSERT `GENERO` (`ID_GENERO`, `NOMBRE`, `DESCRIPCION`) VALUES (29, N'Memorias', N'Relatos personales de experiencias y recuerdos.')
INSERT `GENERO` (`ID_GENERO`, `NOMBRE`, `DESCRIPCION`) VALUES (30, N'Guerra', N'Historias ambientadas en contextos de guerra y conflicto.')
INSERT `GENERO` (`ID_GENERO`, `NOMBRE`, `DESCRIPCION`) VALUES (31, N'Política Social', N'Exploración de aspectos sociales y culturales.')
INSERT `GENERO` (`ID_GENERO`, `NOMBRE`, `DESCRIPCION`) VALUES (32, N'Policíaco', N'Historias centradas en crímenes y la labor policial.')
INSERT `GENERO` (`ID_GENERO`, `NOMBRE`, `DESCRIPCION`) VALUES (33, N'Epistolar', N'Narrativas presentadas en forma de cartas o correspondencia.')
INSERT `GENERO` (`ID_GENERO`, `NOMBRE`, `DESCRIPCION`) VALUES (34, N'Teatro', N'Obras escritas para ser representadas en el escenario.')
INSERT `GENERO` (`ID_GENERO`, `NOMBRE`, `DESCRIPCION`) VALUES (35, N'Mitología', N'Exploración de mitos y leyendas de diversas culturas.')
INSERT `GENERO` (`ID_GENERO`, `NOMBRE`, `DESCRIPCION`) VALUES (36, N'Cuentos', N'Narrativas cortas con tramas y personajes cautivadores.')
INSERT `GENERO` (`ID_GENERO`, `NOMBRE`, `DESCRIPCION`) VALUES (37, N'Cine', N'Exploración del mundo del cine y sus aspectos creativos.')
INSERT `GENERO` (`ID_GENERO`, `NOMBRE`, `DESCRIPCION`) VALUES (38, N'Cocina', N'Libro relacionado con el mundo de la gastronomía.')
INSERT `GENERO` (`ID_GENERO`, `NOMBRE`, `DESCRIPCION`) VALUES (39, N'Historieta', N'Narrativas gráficas con viñetas y diálos.')
INSERT `GENERO` (`ID_GENERO`, `NOMBRE`, `DESCRIPCION`) VALUES (40, N'Clásico', N'Obras literarias que han resistido el paso del tiempo.')
INSERT `GENERO` (`ID_GENERO`, `NOMBRE`, `DESCRIPCION`) VALUES (41, N'Contemporáneo', N'Historias ambientadas en la actualidad.')
INSERT `GENERO` (`ID_GENERO`, `NOMBRE`, `DESCRIPCION`) VALUES (42, N'Medieval', N'Historias ambientadas en la época medieval con elementos de caballería, castillos y batallas.')

INSERT `GENEROS_LIBROS` (`ID_GENERO_LIBRO`, `ID_GENERO`, `ID_LIBRO`) VALUES (1, 1, 2)
INSERT `GENEROS_LIBROS` (`ID_GENERO_LIBRO`, `ID_GENERO`, `ID_LIBRO`) VALUES (2, 2, 2)
INSERT `GENEROS_LIBROS` (`ID_GENERO_LIBRO`, `ID_GENERO`, `ID_LIBRO`) VALUES (3, 3, 2)
INSERT `GENEROS_LIBROS` (`ID_GENERO_LIBRO`, `ID_GENERO`, `ID_LIBRO`) VALUES (4, 4, 2)
INSERT `GENEROS_LIBROS` (`ID_GENERO_LIBRO`, `ID_GENERO`, `ID_LIBRO`) VALUES (5, 5, 2)
INSERT `GENEROS_LIBROS` (`ID_GENERO_LIBRO`, `ID_GENERO`, `ID_LIBRO`) VALUES (6, 1, 1)
INSERT `GENEROS_LIBROS` (`ID_GENERO_LIBRO`, `ID_GENERO`, `ID_LIBRO`) VALUES (7, 3, 1)
INSERT `GENEROS_LIBROS` (`ID_GENERO_LIBRO`, `ID_GENERO`, `ID_LIBRO`) VALUES (8, 5, 1)
INSERT `GENEROS_LIBROS` (`ID_GENERO_LIBRO`, `ID_GENERO`, `ID_LIBRO`) VALUES (9, 6, 1)
INSERT `GENEROS_LIBROS` (`ID_GENERO_LIBRO`, `ID_GENERO`, `ID_LIBRO`) VALUES (10, 7, 1)
INSERT `GENEROS_LIBROS` (`ID_GENERO_LIBRO`, `ID_GENERO`, `ID_LIBRO`) VALUES (11, 7, 2)
INSERT `GENEROS_LIBROS` (`ID_GENERO_LIBRO`, `ID_GENERO`, `ID_LIBRO`) VALUES (12, 1, 3)
INSERT `GENEROS_LIBROS` (`ID_GENERO_LIBRO`, `ID_GENERO`, `ID_LIBRO`) VALUES (13, 2, 3)
INSERT `GENEROS_LIBROS` (`ID_GENERO_LIBRO`, `ID_GENERO`, `ID_LIBRO`) VALUES (14, 4, 3)
INSERT `GENEROS_LIBROS` (`ID_GENERO_LIBRO`, `ID_GENERO`, `ID_LIBRO`) VALUES (15, 5, 3)
INSERT `GENEROS_LIBROS` (`ID_GENERO_LIBRO`, `ID_GENERO`, `ID_LIBRO`) VALUES (16, 7, 3)
INSERT `GENEROS_LIBROS` (`ID_GENERO_LIBRO`, `ID_GENERO`, `ID_LIBRO`) VALUES (17, 8, 3)
INSERT `GENEROS_LIBROS` (`ID_GENERO_LIBRO`, `ID_GENERO`, `ID_LIBRO`) VALUES (18, 1, 4)
INSERT `GENEROS_LIBROS` (`ID_GENERO_LIBRO`, `ID_GENERO`, `ID_LIBRO`) VALUES (19, 2, 4)
INSERT `GENEROS_LIBROS` (`ID_GENERO_LIBRO`, `ID_GENERO`, `ID_LIBRO`) VALUES (20, 4, 4)
INSERT `GENEROS_LIBROS` (`ID_GENERO_LIBRO`, `ID_GENERO`, `ID_LIBRO`) VALUES (21, 5, 4)
INSERT `GENEROS_LIBROS` (`ID_GENERO_LIBRO`, `ID_GENERO`, `ID_LIBRO`) VALUES (22, 7, 4)
INSERT `GENEROS_LIBROS` (`ID_GENERO_LIBRO`, `ID_GENERO`, `ID_LIBRO`) VALUES (23, 1, 5)
INSERT `GENEROS_LIBROS` (`ID_GENERO_LIBRO`, `ID_GENERO`, `ID_LIBRO`) VALUES (24, 2, 5)
INSERT `GENEROS_LIBROS` (`ID_GENERO_LIBRO`, `ID_GENERO`, `ID_LIBRO`) VALUES (25, 5, 5)
INSERT `GENEROS_LIBROS` (`ID_GENERO_LIBRO`, `ID_GENERO`, `ID_LIBRO`) VALUES (26, 7, 5)
INSERT `GENEROS_LIBROS` (`ID_GENERO_LIBRO`, `ID_GENERO`, `ID_LIBRO`) VALUES (27, 42, 5)
INSERT `GENEROS_LIBROS` (`ID_GENERO_LIBRO`, `ID_GENERO`, `ID_LIBRO`) VALUES (28, 1, 6)
INSERT `GENEROS_LIBROS` (`ID_GENERO_LIBRO`, `ID_GENERO`, `ID_LIBRO`) VALUES (29, 2, 6)
INSERT `GENEROS_LIBROS` (`ID_GENERO_LIBRO`, `ID_GENERO`, `ID_LIBRO`) VALUES (30, 5, 6)
INSERT `GENEROS_LIBROS` (`ID_GENERO_LIBRO`, `ID_GENERO`, `ID_LIBRO`) VALUES (31, 7, 6)
INSERT `GENEROS_LIBROS` (`ID_GENERO_LIBRO`, `ID_GENERO`, `ID_LIBRO`) VALUES (32, 42, 6)
INSERT `GENEROS_LIBROS` (`ID_GENERO_LIBRO`, `ID_GENERO`, `ID_LIBRO`) VALUES (33, 8, 6)
INSERT `GENEROS_LIBROS` (`ID_GENERO_LIBRO`, `ID_GENERO`, `ID_LIBRO`) VALUES (34, 1, 7)
INSERT `GENEROS_LIBROS` (`ID_GENERO_LIBRO`, `ID_GENERO`, `ID_LIBRO`) VALUES (35, 2, 7)
INSERT `GENEROS_LIBROS` (`ID_GENERO_LIBRO`, `ID_GENERO`, `ID_LIBRO`) VALUES (36, 5, 7)
INSERT `GENEROS_LIBROS` (`ID_GENERO_LIBRO`, `ID_GENERO`, `ID_LIBRO`) VALUES (37, 7, 7)
INSERT `GENEROS_LIBROS` (`ID_GENERO_LIBRO`, `ID_GENERO`, `ID_LIBRO`) VALUES (38, 8, 7)
INSERT `GENEROS_LIBROS` (`ID_GENERO_LIBRO`, `ID_GENERO`, `ID_LIBRO`) VALUES (39, 42, 7)
INSERT `GENEROS_LIBROS` (`ID_GENERO_LIBRO`, `ID_GENERO`, `ID_LIBRO`) VALUES (40, 1, 8)
INSERT `GENEROS_LIBROS` (`ID_GENERO_LIBRO`, `ID_GENERO`, `ID_LIBRO`) VALUES (41, 2, 8)
INSERT `GENEROS_LIBROS` (`ID_GENERO_LIBRO`, `ID_GENERO`, `ID_LIBRO`) VALUES (42, 5, 8)
INSERT `GENEROS_LIBROS` (`ID_GENERO_LIBRO`, `ID_GENERO`, `ID_LIBRO`) VALUES (43, 7, 8)
INSERT `GENEROS_LIBROS` (`ID_GENERO_LIBRO`, `ID_GENERO`, `ID_LIBRO`) VALUES (44, 42, 8)
INSERT `GENEROS_LIBROS` (`ID_GENERO_LIBRO`, `ID_GENERO`, `ID_LIBRO`) VALUES (45, 1, 9)
INSERT `GENEROS_LIBROS` (`ID_GENERO_LIBRO`, `ID_GENERO`, `ID_LIBRO`) VALUES (46, 3, 9)
INSERT `GENEROS_LIBROS` (`ID_GENERO_LIBRO`, `ID_GENERO`, `ID_LIBRO`) VALUES (47, 7, 9)
INSERT `GENEROS_LIBROS` (`ID_GENERO_LIBRO`, `ID_GENERO`, `ID_LIBRO`) VALUES (49, 1, 10)
INSERT `GENEROS_LIBROS` (`ID_GENERO_LIBRO`, `ID_GENERO`, `ID_LIBRO`) VALUES (50, 3, 10)
INSERT `GENEROS_LIBROS` (`ID_GENERO_LIBRO`, `ID_GENERO`, `ID_LIBRO`) VALUES (51, 7, 10)
INSERT `GENEROS_LIBROS` (`ID_GENERO_LIBRO`, `ID_GENERO`, `ID_LIBRO`) VALUES (52, 1, 11)
INSERT `GENEROS_LIBROS` (`ID_GENERO_LIBRO`, `ID_GENERO`, `ID_LIBRO`) VALUES (53, 3, 11)
INSERT `GENEROS_LIBROS` (`ID_GENERO_LIBRO`, `ID_GENERO`, `ID_LIBRO`) VALUES (54, 7, 11)
INSERT `GENEROS_LIBROS` (`ID_GENERO_LIBRO`, `ID_GENERO`, `ID_LIBRO`) VALUES (55, 1, 12)
INSERT `GENEROS_LIBROS` (`ID_GENERO_LIBRO`, `ID_GENERO`, `ID_LIBRO`) VALUES (56, 3, 12)
INSERT `GENEROS_LIBROS` (`ID_GENERO_LIBRO`, `ID_GENERO`, `ID_LIBRO`) VALUES (57, 7, 12)
INSERT `GENEROS_LIBROS` (`ID_GENERO_LIBRO`, `ID_GENERO`, `ID_LIBRO`) VALUES (58, 1, 13)
INSERT `GENEROS_LIBROS` (`ID_GENERO_LIBRO`, `ID_GENERO`, `ID_LIBRO`) VALUES (59, 3, 13)
INSERT `GENEROS_LIBROS` (`ID_GENERO_LIBRO`, `ID_GENERO`, `ID_LIBRO`) VALUES (60, 7, 13)
INSERT `GENEROS_LIBROS` (`ID_GENERO_LIBRO`, `ID_GENERO`, `ID_LIBRO`) VALUES (61, 10, 14)
INSERT `GENEROS_LIBROS` (`ID_GENERO_LIBRO`, `ID_GENERO`, `ID_LIBRO`) VALUES (62, 6, 14)
INSERT `GENEROS_LIBROS` (`ID_GENERO_LIBRO`, `ID_GENERO`, `ID_LIBRO`) VALUES (63, 13, 14)
INSERT `GENEROS_LIBROS` (`ID_GENERO_LIBRO`, `ID_GENERO`, `ID_LIBRO`) VALUES (64, 10, 15)
INSERT `GENEROS_LIBROS` (`ID_GENERO_LIBRO`, `ID_GENERO`, `ID_LIBRO`) VALUES (65, 6, 15)
INSERT `GENEROS_LIBROS` (`ID_GENERO_LIBRO`, `ID_GENERO`, `ID_LIBRO`) VALUES (66, 13, 15)
INSERT `GENEROS_LIBROS` (`ID_GENERO_LIBRO`, `ID_GENERO`, `ID_LIBRO`) VALUES (67, 10, 16)
INSERT `GENEROS_LIBROS` (`ID_GENERO_LIBRO`, `ID_GENERO`, `ID_LIBRO`) VALUES (68, 6, 16)
INSERT `GENEROS_LIBROS` (`ID_GENERO_LIBRO`, `ID_GENERO`, `ID_LIBRO`) VALUES (69, 41, 16)
INSERT `GENEROS_LIBROS` (`ID_GENERO_LIBRO`, `ID_GENERO`, `ID_LIBRO`) VALUES (70, 10, 17)
INSERT `GENEROS_LIBROS` (`ID_GENERO_LIBRO`, `ID_GENERO`, `ID_LIBRO`) VALUES (71, 29, 17)
INSERT `GENEROS_LIBROS` (`ID_GENERO_LIBRO`, `ID_GENERO`, `ID_LIBRO`) VALUES (72, 41, 17)
INSERT `GENEROS_LIBROS` (`ID_GENERO_LIBRO`, `ID_GENERO`, `ID_LIBRO`) VALUES (73, 10, 18)
INSERT `GENEROS_LIBROS` (`ID_GENERO_LIBRO`, `ID_GENERO`, `ID_LIBRO`) VALUES (74, 33, 18)
INSERT `GENEROS_LIBROS` (`ID_GENERO_LIBRO`, `ID_GENERO`, `ID_LIBRO`) VALUES (75, 41, 18)
INSERT `GENEROS_LIBROS` (`ID_GENERO_LIBRO`, `ID_GENERO`, `ID_LIBRO`) VALUES (76, 2, 19)
INSERT `GENEROS_LIBROS` (`ID_GENERO_LIBRO`, `ID_GENERO`, `ID_LIBRO`) VALUES (77, 3, 19)
INSERT `GENEROS_LIBROS` (`ID_GENERO_LIBRO`, `ID_GENERO`, `ID_LIBRO`) VALUES (78, 8, 19)
INSERT `GENEROS_LIBROS` (`ID_GENERO_LIBRO`, `ID_GENERO`, `ID_LIBRO`) VALUES (79, 11, 19)
INSERT `GENEROS_LIBROS` (`ID_GENERO_LIBRO`, `ID_GENERO`, `ID_LIBRO`) VALUES (80, 15, 19)
INSERT `GENEROS_LIBROS` (`ID_GENERO_LIBRO`, `ID_GENERO`, `ID_LIBRO`) VALUES (81, 35, 19)
INSERT `GENEROS_LIBROS` (`ID_GENERO_LIBRO`, `ID_GENERO`, `ID_LIBRO`) VALUES (82, 2, 20)
INSERT `GENEROS_LIBROS` (`ID_GENERO_LIBRO`, `ID_GENERO`, `ID_LIBRO`) VALUES (83, 3, 20)
INSERT `GENEROS_LIBROS` (`ID_GENERO_LIBRO`, `ID_GENERO`, `ID_LIBRO`) VALUES (84, 8, 20)
INSERT `GENEROS_LIBROS` (`ID_GENERO_LIBRO`, `ID_GENERO`, `ID_LIBRO`) VALUES (85, 11, 20)
INSERT `GENEROS_LIBROS` (`ID_GENERO_LIBRO`, `ID_GENERO`, `ID_LIBRO`) VALUES (86, 15, 20)
INSERT `GENEROS_LIBROS` (`ID_GENERO_LIBRO`, `ID_GENERO`, `ID_LIBRO`) VALUES (87, 35, 20)
INSERT `GENEROS_LIBROS` (`ID_GENERO_LIBRO`, `ID_GENERO`, `ID_LIBRO`) VALUES (88, 2, 21)
INSERT `GENEROS_LIBROS` (`ID_GENERO_LIBRO`, `ID_GENERO`, `ID_LIBRO`) VALUES (89, 3, 21)
INSERT `GENEROS_LIBROS` (`ID_GENERO_LIBRO`, `ID_GENERO`, `ID_LIBRO`) VALUES (90, 8, 21)
INSERT `GENEROS_LIBROS` (`ID_GENERO_LIBRO`, `ID_GENERO`, `ID_LIBRO`) VALUES (91, 11, 21)
INSERT `GENEROS_LIBROS` (`ID_GENERO_LIBRO`, `ID_GENERO`, `ID_LIBRO`) VALUES (92, 15, 21)
INSERT `GENEROS_LIBROS` (`ID_GENERO_LIBRO`, `ID_GENERO`, `ID_LIBRO`) VALUES (93, 35, 21)
INSERT `GENEROS_LIBROS` (`ID_GENERO_LIBRO`, `ID_GENERO`, `ID_LIBRO`) VALUES (94, 2, 22)
INSERT `GENEROS_LIBROS` (`ID_GENERO_LIBRO`, `ID_GENERO`, `ID_LIBRO`) VALUES (95, 8, 22)
INSERT `GENEROS_LIBROS` (`ID_GENERO_LIBRO`, `ID_GENERO`, `ID_LIBRO`) VALUES (96, 11, 22)
INSERT `GENEROS_LIBROS` (`ID_GENERO_LIBRO`, `ID_GENERO`, `ID_LIBRO`) VALUES (97, 15, 22)
INSERT `GENEROS_LIBROS` (`ID_GENERO_LIBRO`, `ID_GENERO`, `ID_LIBRO`) VALUES (98, 35, 22)
INSERT `GENEROS_LIBROS` (`ID_GENERO_LIBRO`, `ID_GENERO`, `ID_LIBRO`) VALUES (99, 2, 23)
INSERT `GENEROS_LIBROS` (`ID_GENERO_LIBRO`, `ID_GENERO`, `ID_LIBRO`) VALUES (100, 3, 23)
INSERT `GENEROS_LIBROS` (`ID_GENERO_LIBRO`, `ID_GENERO`, `ID_LIBRO`) VALUES (101, 8, 23)

INSERT `GENEROS_LIBROS` (`ID_GENERO_LIBRO`, `ID_GENERO`, `ID_LIBRO`) VALUES (102, 11, 23)
INSERT `GENEROS_LIBROS` (`ID_GENERO_LIBRO`, `ID_GENERO`, `ID_LIBRO`) VALUES (103, 15, 23)
INSERT `GENEROS_LIBROS` (`ID_GENERO_LIBRO`, `ID_GENERO`, `ID_LIBRO`) VALUES (104, 35, 23)
INSERT `GENEROS_LIBROS` (`ID_GENERO_LIBRO`, `ID_GENERO`, `ID_LIBRO`) VALUES (105, 6, 24)
INSERT `GENEROS_LIBROS` (`ID_GENERO_LIBRO`, `ID_GENERO`, `ID_LIBRO`) VALUES (106, 11, 24)
INSERT `GENEROS_LIBROS` (`ID_GENERO_LIBRO`, `ID_GENERO`, `ID_LIBRO`) VALUES (107, 14, 24)
INSERT `GENEROS_LIBROS` (`ID_GENERO_LIBRO`, `ID_GENERO`, `ID_LIBRO`) VALUES (108, 6, 25)
INSERT `GENEROS_LIBROS` (`ID_GENERO_LIBRO`, `ID_GENERO`, `ID_LIBRO`) VALUES (109, 11, 25)
INSERT `GENEROS_LIBROS` (`ID_GENERO_LIBRO`, `ID_GENERO`, `ID_LIBRO`) VALUES (110, 14, 25)
INSERT `GENEROS_LIBROS` (`ID_GENERO_LIBRO`, `ID_GENERO`, `ID_LIBRO`) VALUES (111, 6, 26)
INSERT `GENEROS_LIBROS` (`ID_GENERO_LIBRO`, `ID_GENERO`, `ID_LIBRO`) VALUES (112, 11, 26)
INSERT `GENEROS_LIBROS` (`ID_GENERO_LIBRO`, `ID_GENERO`, `ID_LIBRO`) VALUES (113, 14, 26)
INSERT `GENEROS_LIBROS` (`ID_GENERO_LIBRO`, `ID_GENERO`, `ID_LIBRO`) VALUES (114, 6, 27)
INSERT `GENEROS_LIBROS` (`ID_GENERO_LIBRO`, `ID_GENERO`, `ID_LIBRO`) VALUES (115, 11, 27)
INSERT `GENEROS_LIBROS` (`ID_GENERO_LIBRO`, `ID_GENERO`, `ID_LIBRO`) VALUES (116, 14, 27)
INSERT `GENEROS_LIBROS` (`ID_GENERO_LIBRO`, `ID_GENERO`, `ID_LIBRO`) VALUES (117, 6, 28)
INSERT `GENEROS_LIBROS` (`ID_GENERO_LIBRO`, `ID_GENERO`, `ID_LIBRO`) VALUES (118, 11, 28)
INSERT `GENEROS_LIBROS` (`ID_GENERO_LIBRO`, `ID_GENERO`, `ID_LIBRO`) VALUES (119, 14, 28)
INSERT `GENEROS_LIBROS` (`ID_GENERO_LIBRO`, `ID_GENERO`, `ID_LIBRO`) VALUES (120, 13, 29)
INSERT `GENEROS_LIBROS` (`ID_GENERO_LIBRO`, `ID_GENERO`, `ID_LIBRO`) VALUES (121, 11, 29)
INSERT `GENEROS_LIBROS` (`ID_GENERO_LIBRO`, `ID_GENERO`, `ID_LIBRO`) VALUES (122, 41, 29)
INSERT `GENEROS_LIBROS` (`ID_GENERO_LIBRO`, `ID_GENERO`, `ID_LIBRO`) VALUES (123, 13, 30)
INSERT `GENEROS_LIBROS` (`ID_GENERO_LIBRO`, `ID_GENERO`, `ID_LIBRO`) VALUES (124, 11, 30)
INSERT `GENEROS_LIBROS` (`ID_GENERO_LIBRO`, `ID_GENERO`, `ID_LIBRO`) VALUES (125, 41, 30)
INSERT `GENEROS_LIBROS` (`ID_GENERO_LIBRO`, `ID_GENERO`, `ID_LIBRO`) VALUES (126, 13, 31)
INSERT `GENEROS_LIBROS` (`ID_GENERO_LIBRO`, `ID_GENERO`, `ID_LIBRO`) VALUES (127, 11, 31)
INSERT `GENEROS_LIBROS` (`ID_GENERO_LIBRO`, `ID_GENERO`, `ID_LIBRO`) VALUES (128, 41, 31)
INSERT `GENEROS_LIBROS` (`ID_GENERO_LIBRO`, `ID_GENERO`, `ID_LIBRO`) VALUES (129, 11, 32)
INSERT `GENEROS_LIBROS` (`ID_GENERO_LIBRO`, `ID_GENERO`, `ID_LIBRO`) VALUES (130, 41, 32)
INSERT `GENEROS_LIBROS` (`ID_GENERO_LIBRO`, `ID_GENERO`, `ID_LIBRO`) VALUES (131, 29, 33)
INSERT `GENEROS_LIBROS` (`ID_GENERO_LIBRO`, `ID_GENERO`, `ID_LIBRO`) VALUES (132, 11, 33)
INSERT `GENEROS_LIBROS` (`ID_GENERO_LIBRO`, `ID_GENERO`, `ID_LIBRO`) VALUES (133, 13, 34)
INSERT `GENEROS_LIBROS` (`ID_GENERO_LIBRO`, `ID_GENERO`, `ID_LIBRO`) VALUES (134, 40, 34)
INSERT `GENEROS_LIBROS` (`ID_GENERO_LIBRO`, `ID_GENERO`, `ID_LIBRO`) VALUES (135, 13, 35)
INSERT `GENEROS_LIBROS` (`ID_GENERO_LIBRO`, `ID_GENERO`, `ID_LIBRO`) VALUES (136, 32, 35)
INSERT `GENEROS_LIBROS` (`ID_GENERO_LIBRO`, `ID_GENERO`, `ID_LIBRO`) VALUES (137, 11, 36)
INSERT `GENEROS_LIBROS` (`ID_GENERO_LIBRO`, `ID_GENERO`, `ID_LIBRO`) VALUES (138, 40, 36)
INSERT `GENEROS_LIBROS` (`ID_GENERO_LIBRO`, `ID_GENERO`, `ID_LIBRO`) VALUES (139, 6, 37)
INSERT `GENEROS_LIBROS` (`ID_GENERO_LIBRO`, `ID_GENERO`, `ID_LIBRO`) VALUES (140, 32, 37)
INSERT `GENEROS_LIBROS` (`ID_GENERO_LIBRO`, `ID_GENERO`, `ID_LIBRO`) VALUES (141, 13, 38)
INSERT `GENEROS_LIBROS` (`ID_GENERO_LIBRO`, `ID_GENERO`, `ID_LIBRO`) VALUES (142, 36, 38)
INSERT `GENEROS_LIBROS` (`ID_GENERO_LIBRO`, `ID_GENERO`, `ID_LIBRO`) VALUES (143, 12, 39)
INSERT `GENEROS_LIBROS` (`ID_GENERO_LIBRO`, `ID_GENERO`, `ID_LIBRO`) VALUES (144, 21, 39)
INSERT `GENEROS_LIBROS` (`ID_GENERO_LIBRO`, `ID_GENERO`, `ID_LIBRO`) VALUES (145, 41, 40)
INSERT `GENEROS_LIBROS` (`ID_GENERO_LIBRO`, `ID_GENERO`, `ID_LIBRO`) VALUES (146, 19, 40)
INSERT `GENEROS_LIBROS` (`ID_GENERO_LIBRO`, `ID_GENERO`, `ID_LIBRO`) VALUES (147, 41, 41)
INSERT `GENEROS_LIBROS` (`ID_GENERO_LIBRO`, `ID_GENERO`, `ID_LIBRO`) VALUES (148, 22, 41)
INSERT `GENEROS_LIBROS` (`ID_GENERO_LIBRO`, `ID_GENERO`, `ID_LIBRO`) VALUES (149, 41, 42)
INSERT `GENEROS_LIBROS` (`ID_GENERO_LIBRO`, `ID_GENERO`, `ID_LIBRO`) VALUES (150, 26, 42)
INSERT `GENEROS_LIBROS` (`ID_GENERO_LIBRO`, `ID_GENERO`, `ID_LIBRO`) VALUES (151, 41, 43)
INSERT `GENEROS_LIBROS` (`ID_GENERO_LIBRO`, `ID_GENERO`, `ID_LIBRO`) VALUES (152, 25, 43)
INSERT `GENEROS_LIBROS` (`ID_GENERO_LIBRO`, `ID_GENERO`, `ID_LIBRO`) VALUES (153, 11, 44)
INSERT `GENEROS_LIBROS` (`ID_GENERO_LIBRO`, `ID_GENERO`, `ID_LIBRO`) VALUES (154, 13, 44)
INSERT `GENEROS_LIBROS` (`ID_GENERO_LIBRO`, `ID_GENERO`, `ID_LIBRO`) VALUES (155, 41, 44)
INSERT `GENEROS_LIBROS` (`ID_GENERO_LIBRO`, `ID_GENERO`, `ID_LIBRO`) VALUES (156, 6, 45)
INSERT `GENEROS_LIBROS` (`ID_GENERO_LIBRO`, `ID_GENERO`, `ID_LIBRO`) VALUES (157, 12, 45)
INSERT `GENEROS_LIBROS` (`ID_GENERO_LIBRO`, `ID_GENERO`, `ID_LIBRO`) VALUES (158, 41, 45)
INSERT `GENEROS_LIBROS` (`ID_GENERO_LIBRO`, `ID_GENERO`, `ID_LIBRO`) VALUES (159, 6, 46)
INSERT `GENEROS_LIBROS` (`ID_GENERO_LIBRO`, `ID_GENERO`, `ID_LIBRO`) VALUES (160, 42, 46)
INSERT `GENEROS_LIBROS` (`ID_GENERO_LIBRO`, `ID_GENERO`, `ID_LIBRO`) VALUES (161, 11, 47)
INSERT `GENEROS_LIBROS` (`ID_GENERO_LIBRO`, `ID_GENERO`, `ID_LIBRO`) VALUES (162, 36, 47)
INSERT `GENEROS_LIBROS` (`ID_GENERO_LIBRO`, `ID_GENERO`, `ID_LIBRO`) VALUES (163, 41, 48)
INSERT `GENEROS_LIBROS` (`ID_GENERO_LIBRO`, `ID_GENERO`, `ID_LIBRO`) VALUES (164, 15, 48)
INSERT `GENEROS_LIBROS` (`ID_GENERO_LIBRO`, `ID_GENERO`, `ID_LIBRO`) VALUES (165, 6, 48)
INSERT `GENEROS_LIBROS` (`ID_GENERO_LIBRO`, `ID_GENERO`, `ID_LIBRO`) VALUES (167, 1, 49)
INSERT `GENEROS_LIBROS` (`ID_GENERO_LIBRO`, `ID_GENERO`, `ID_LIBRO`) VALUES (168, 7, 49)
INSERT `GENEROS_LIBROS` (`ID_GENERO_LIBRO`, `ID_GENERO`, `ID_LIBRO`) VALUES (169, 11, 49)
INSERT `GENEROS_LIBROS` (`ID_GENERO_LIBRO`, `ID_GENERO`, `ID_LIBRO`) VALUES (170, 1, 50)
INSERT `GENEROS_LIBROS` (`ID_GENERO_LIBRO`, `ID_GENERO`, `ID_LIBRO`) VALUES (171, 6, 50)
INSERT `GENEROS_LIBROS` (`ID_GENERO_LIBRO`, `ID_GENERO`, `ID_LIBRO`) VALUES (172, 11, 50)
INSERT `GENEROS_LIBROS` (`ID_GENERO_LIBRO`, `ID_GENERO`, `ID_LIBRO`) VALUES (173, 1, 51)
INSERT `GENEROS_LIBROS` (`ID_GENERO_LIBRO`, `ID_GENERO`, `ID_LIBRO`) VALUES (174, 11, 51)
INSERT `GENEROS_LIBROS` (`ID_GENERO_LIBRO`, `ID_GENERO`, `ID_LIBRO`) VALUES (175, 1, 52)
INSERT `GENEROS_LIBROS` (`ID_GENERO_LIBRO`, `ID_GENERO`, `ID_LIBRO`) VALUES (176, 11, 52)
INSERT `GENEROS_LIBROS` (`ID_GENERO_LIBRO`, `ID_GENERO`, `ID_LIBRO`) VALUES (177, 1, 53)
INSERT `GENEROS_LIBROS` (`ID_GENERO_LIBRO`, `ID_GENERO`, `ID_LIBRO`) VALUES (178, 6, 53)
INSERT `GENEROS_LIBROS` (`ID_GENERO_LIBRO`, `ID_GENERO`, `ID_LIBRO`) VALUES (179, 11, 53)
INSERT `GENEROS_LIBROS` (`ID_GENERO_LIBRO`, `ID_GENERO`, `ID_LIBRO`) VALUES (180, 1, 54)
INSERT `GENEROS_LIBROS` (`ID_GENERO_LIBRO`, `ID_GENERO`, `ID_LIBRO`) VALUES (181, 3, 54)
INSERT `GENEROS_LIBROS` (`ID_GENERO_LIBRO`, `ID_GENERO`, `ID_LIBRO`) VALUES (182, 6, 54)
INSERT `GENEROS_LIBROS` (`ID_GENERO_LIBRO`, `ID_GENERO`, `ID_LIBRO`) VALUES (183, 7, 54)
INSERT `GENEROS_LIBROS` (`ID_GENERO_LIBRO`, `ID_GENERO`, `ID_LIBRO`) VALUES (184, 11, 54)
INSERT `GENEROS_LIBROS` (`ID_GENERO_LIBRO`, `ID_GENERO`, `ID_LIBRO`) VALUES (185, 1, 55)
INSERT `GENEROS_LIBROS` (`ID_GENERO_LIBRO`, `ID_GENERO`, `ID_LIBRO`) VALUES (186, 3, 55)
INSERT `GENEROS_LIBROS` (`ID_GENERO_LIBRO`, `ID_GENERO`, `ID_LIBRO`) VALUES (187, 6, 55)
INSERT `GENEROS_LIBROS` (`ID_GENERO_LIBRO`, `ID_GENERO`, `ID_LIBRO`) VALUES (188, 7, 55)
INSERT `GENEROS_LIBROS` (`ID_GENERO_LIBRO`, `ID_GENERO`, `ID_LIBRO`) VALUES (189, 11, 55)
INSERT `GENEROS_LIBROS` (`ID_GENERO_LIBRO`, `ID_GENERO`, `ID_LIBRO`) VALUES (190, 1, 56)
INSERT `GENEROS_LIBROS` (`ID_GENERO_LIBRO`, `ID_GENERO`, `ID_LIBRO`) VALUES (191, 3, 56)
INSERT `GENEROS_LIBROS` (`ID_GENERO_LIBRO`, `ID_GENERO`, `ID_LIBRO`) VALUES (192, 7, 56)
INSERT `GENEROS_LIBROS` (`ID_GENERO_LIBRO`, `ID_GENERO`, `ID_LIBRO`) VALUES (193, 11, 56)
INSERT `GENEROS_LIBROS` (`ID_GENERO_LIBRO`, `ID_GENERO`, `ID_LIBRO`) VALUES (194, 40, 56)
INSERT `GENEROS_LIBROS` (`ID_GENERO_LIBRO`, `ID_GENERO`, `ID_LIBRO`) VALUES (195, 1, 57)
INSERT `GENEROS_LIBROS` (`ID_GENERO_LIBRO`, `ID_GENERO`, `ID_LIBRO`) VALUES (196, 3, 57)
INSERT `GENEROS_LIBROS` (`ID_GENERO_LIBRO`, `ID_GENERO`, `ID_LIBRO`) VALUES (197, 7, 57)
INSERT `GENEROS_LIBROS` (`ID_GENERO_LIBRO`, `ID_GENERO`, `ID_LIBRO`) VALUES (198, 11, 57)
INSERT `GENEROS_LIBROS` (`ID_GENERO_LIBRO`, `ID_GENERO`, `ID_LIBRO`) VALUES (199, 40, 57)
INSERT `GENEROS_LIBROS` (`ID_GENERO_LIBRO`, `ID_GENERO`, `ID_LIBRO`) VALUES (200, 1, 58)
INSERT `GENEROS_LIBROS` (`ID_GENERO_LIBRO`, `ID_GENERO`, `ID_LIBRO`) VALUES (201, 3, 58)
INSERT `GENEROS_LIBROS` (`ID_GENERO_LIBRO`, `ID_GENERO`, `ID_LIBRO`) VALUES (202, 7, 58)

INSERT `GENEROS_LIBROS` (`ID_GENERO_LIBRO`, `ID_GENERO`, `ID_LIBRO`) VALUES (203, 11, 58)
INSERT `GENEROS_LIBROS` (`ID_GENERO_LIBRO`, `ID_GENERO`, `ID_LIBRO`) VALUES (204, 40, 58)
INSERT `GENEROS_LIBROS` (`ID_GENERO_LIBRO`, `ID_GENERO`, `ID_LIBRO`) VALUES (205, 1, 59)
INSERT `GENEROS_LIBROS` (`ID_GENERO_LIBRO`, `ID_GENERO`, `ID_LIBRO`) VALUES (206, 3, 59)
INSERT `GENEROS_LIBROS` (`ID_GENERO_LIBRO`, `ID_GENERO`, `ID_LIBRO`) VALUES (207, 7, 59)
INSERT `GENEROS_LIBROS` (`ID_GENERO_LIBRO`, `ID_GENERO`, `ID_LIBRO`) VALUES (208, 11, 59)
INSERT `GENEROS_LIBROS` (`ID_GENERO_LIBRO`, `ID_GENERO`, `ID_LIBRO`) VALUES (209, 40, 59)
INSERT `GENEROS_LIBROS` (`ID_GENERO_LIBRO`, `ID_GENERO`, `ID_LIBRO`) VALUES (210, 1, 60)
INSERT `GENEROS_LIBROS` (`ID_GENERO_LIBRO`, `ID_GENERO`, `ID_LIBRO`) VALUES (211, 3, 60)
INSERT `GENEROS_LIBROS` (`ID_GENERO_LIBRO`, `ID_GENERO`, `ID_LIBRO`) VALUES (212, 7, 60)
INSERT `GENEROS_LIBROS` (`ID_GENERO_LIBRO`, `ID_GENERO`, `ID_LIBRO`) VALUES (213, 11, 60)
INSERT `GENEROS_LIBROS` (`ID_GENERO_LIBRO`, `ID_GENERO`, `ID_LIBRO`) VALUES (214, 40, 60)
INSERT `GENEROS_LIBROS` (`ID_GENERO_LIBRO`, `ID_GENERO`, `ID_LIBRO`) VALUES (215, 1, 61)
INSERT `GENEROS_LIBROS` (`ID_GENERO_LIBRO`, `ID_GENERO`, `ID_LIBRO`) VALUES (216, 3, 61)
INSERT `GENEROS_LIBROS` (`ID_GENERO_LIBRO`, `ID_GENERO`, `ID_LIBRO`) VALUES (217, 7, 61)
INSERT `GENEROS_LIBROS` (`ID_GENERO_LIBRO`, `ID_GENERO`, `ID_LIBRO`) VALUES (218, 11, 61)
INSERT `GENEROS_LIBROS` (`ID_GENERO_LIBRO`, `ID_GENERO`, `ID_LIBRO`) VALUES (219, 40, 61)
INSERT `GENEROS_LIBROS` (`ID_GENERO_LIBRO`, `ID_GENERO`, `ID_LIBRO`) VALUES (220, 1, 62)
INSERT `GENEROS_LIBROS` (`ID_GENERO_LIBRO`, `ID_GENERO`, `ID_LIBRO`) VALUES (221, 3, 62)
INSERT `GENEROS_LIBROS` (`ID_GENERO_LIBRO`, `ID_GENERO`, `ID_LIBRO`) VALUES (222, 7, 62)
INSERT `GENEROS_LIBROS` (`ID_GENERO_LIBRO`, `ID_GENERO`, `ID_LIBRO`) VALUES (223, 11, 62)
INSERT `GENEROS_LIBROS` (`ID_GENERO_LIBRO`, `ID_GENERO`, `ID_LIBRO`) VALUES (224, 40, 62)
INSERT `GENEROS_LIBROS` (`ID_GENERO_LIBRO`, `ID_GENERO`, `ID_LIBRO`) VALUES (225, 1, 63)
INSERT `GENEROS_LIBROS` (`ID_GENERO_LIBRO`, `ID_GENERO`, `ID_LIBRO`) VALUES (226, 3, 63)
INSERT `GENEROS_LIBROS` (`ID_GENERO_LIBRO`, `ID_GENERO`, `ID_LIBRO`) VALUES (227, 7, 63)
INSERT `GENEROS_LIBROS` (`ID_GENERO_LIBRO`, `ID_GENERO`, `ID_LIBRO`) VALUES (228, 11, 63)
INSERT `GENEROS_LIBROS` (`ID_GENERO_LIBRO`, `ID_GENERO`, `ID_LIBRO`) VALUES (229, 40, 63)

INSERT `INFORMACION_COMPRA` (`ID_INFORMACION_COMPRA`, `NOMBRE`, `DIRECCION`, `INDICACIONES`, `ID_METODO_PA`, `ID_USUARIO`) VALUES (1, N'Tarjeta premium                                                                                                                                                                                                                                                ', N'callex,12,28014', N'', 3, 6)

INSERT `LIBRO` (`ID_LIBRO`, `TITULO`, `SINOPSIS`, `FECHA_PUBLICACION`, `PORTADA`, `ID_AUTOR`, `ID_CATERIA`, `ID_SAGA`) VALUES (1, N'Elantris', N'Bienvenidos a la ciudad de Elantris, la poderosa y bella capital de Arelon llamada «la ciudad de los dioses». Antaño famosa sede de inmortales, lugar repleto de poderosa magia, Elantris ha caído en desgracia. Ahora solo acoge a los nuevos «muertos en vida», postrados en una insufrible «no-vida» tras una misteriosa y terrible transformación.

Un matrimonio de Estado destinado a unir los reinos de Arelon y Teod se frustra, ya que el novio, Raoden, el príncipe de Arelon, sufre inesperadamente la Transformación, se convierte en un «muerto en vida» y debe refugiarse en Elantris. Su reciente esposa, la princesa Sarene de Teod, creyéndolo muerto, se ve obligada a incorporarse a la vida de Arelon y su nueva capital, Kae. Mientras, el embajador y alto sacerdote de otro reino vecino, Fjordell, usará su habilidad política para intentar dominar Arelod y Teod con el propósito de someterlos a su emperador y su dios.', CAST(N'2005-08-01' AS Date), N'Elantris.png', 1, 1, NULL)
INSERT `LIBRO` (`ID_LIBRO`, `TITULO`, `SINOPSIS`, `FECHA_PUBLICACION`, `PORTADA`, `ID_AUTOR`, `ID_CATERIA`, `ID_SAGA`) VALUES (2, N'El imperio final (1)', N'Las brumas biernan la noche. El lord Legislador domina el mundo.

En otros tiempos, un héroe se alzó para salvar la humanidad. Fracasó.

Desde entonces, el mundo es un erial de ceniza y niebla bernado por un emperador inmortal conocido como el lord Legislador.

Pero la esperanza perdura. Una nueva revuelta cobra forma cimentándose en la treta definitiva: la astucia de un brillante genio del crimen y la determinación de una heroína insólita, una joven ladrona callejera que deberá aprender a controlar el poder de los nacidos de la bruma.', CAST(N'2006-06-06' AS Date), N'ElImperioFinal.png', 1, 1, 1)
INSERT `LIBRO` (`ID_LIBRO`, `TITULO`, `SINOPSIS`, `FECHA_PUBLICACION`, `PORTADA`, `ID_AUTOR`, `ID_CATERIA`, `ID_SAGA`) VALUES (3, N'El pozo de la ascensión (2)', N'El mal ha sido derrotado. Pero la guerra acaba de empezar.

Lograron lo imposible y pusieron fin al reinado milenario de lord Legislador. Ahora Vin, que ha pasado de ser una ladronzuela a una poderosa nacida de la bruma, y Elend Venture, el joven noble e idealista que la ama, deberán construir una sociedad nueva y próspera sobre las cenizas de ese imperio derrotado.

Mientras las tensiones siguen creciendo tras la revuelta, una antigua leyenda ofrece un atisbo de esperanza para el pueblo. Sin embar, incluso si las habladurías son ciertas, nadie sabe dónde se encuentra el Pozo de la Ascensión ni qué clase de poder otorga.

Es muy posible que matar al lord Legislador fuera la parte fácil. Sobrevivir a las consecuencias de su caída será el verdadero desafío.', CAST(N'2007-06-05' AS Date), N'ElPozoDeLaAscension.png', 1, 1, 1)
INSERT `LIBRO` (`ID_LIBRO`, `TITULO`, `SINOPSIS`, `FECHA_PUBLICACION`, `PORTADA`, `ID_AUTOR`, `ID_CATERIA`, `ID_SAGA`) VALUES (4, N'El héroe de las eras (3)', N'El apasionante cierre de la Trilogía Mistborn.

Vin cumplió la profecía y liberó el poder acumulado en el Pozo de la Ascensión. Sin embar, todo resultó ser una trampa, y ahora el ser divino llamado Ruina campa a sus anchas por el mundo decidido a arrasarlo con terremotos y ríos de fue.

Tras haber esquivado la muerte convirtiéndose en un nacido de la bruma, el emperador Elend Venture confía en que las pistas que dejó el lord Legislador les sirvan para contraatacar. Las profecías hablan de un héroe, pero ¿no estaban corrompidas? Vin deberá desenmarañar la verdad para compensar su error. Solo así llegará a ser el Héroe de las Eras antes de que Ruina aniquile toda la vida sobre el planeta.', CAST(N'2008-06-17' AS Date), N'ElHeroeDeLasEras.png', 1, 1, 1)
INSERT `LIBRO` (`ID_LIBRO`, `TITULO`, `SINOPSIS`, `FECHA_PUBLICACION`, `PORTADA`, `ID_AUTOR`, `ID_CATERIA`, `ID_SAGA`) VALUES (5, N'El camino de los reyes (1)', N'Anhelo los días previos a la Última Desolación.

Los días en que los Heraldos nos abandonaron y los Caballeros Radiantes se giraron en nuestra contra. Un tiempo en que aún había magia en el mundo y honor en el corazón de los hombres.

El mundo fue nuestro, pero lo perdimos. Probablemente no hay nada más estimulante para las almas de los hombres que la victoria.

¿O tal vez fue la victoria una ilusión durante todo ese tiempo? ¿Comprendieron nuestros enemis que cuanto más duramente luchaban, más resistíamos nosotros? Quizá vieron que el fue y el martillo tan solo producían mejores espadas. Pero ignoraron el acero durante el tiempo suficiente para oxidarse.

Hay cuatro personas a las que observamos. La primera es el médico, quien dejó de curar para convertirse en soldado durante la guerra más brutal de nuestro tiempo. La segunda es el asesino, un homicida que llora siempre que mata. La tercera es la mentirosa, una joven que viste un manto de erudita sobre un corazón de ladrona. Por último está el alto príncipe, un guerrero que mira al pasado mientras languidece su sed de guerra.

El mundo puede cambiar. La potenciación y el uso de las esquirlas pueden aparecer de nuevo, la magia de los días pasados puede volver a ser nuestra. Esas cuatro personas son la clave.

Una de ellas nos redimirá. Y una de ellas nos destruirá.', CAST(N'2010-08-31' AS Date), N'ElCaminoDeLosReyes.png', 1, 1, 2)
INSERT `LIBRO` (`ID_LIBRO`, `TITULO`, `SINOPSIS`, `FECHA_PUBLICACION`, `PORTADA`, `ID_AUTOR`, `ID_CATERIA`, `ID_SAGA`) VALUES (6, N'Palabras radiantes (2)', N'Los Caballeros Radiantes deben volver a alzarse.

Los antiguos juramentos por fin se han pronunciado. Los hombres buscan lo que se perdió. Temo que la búsqueda los destruya.

Es la naturaleza de la magia. Un alma rota tiene grietas donde puede colarse al más. Las potencias, los poderes de la creación misma, pueden abrazar un alma rota, pero también pueden ampliar sus fisuras.

El Corredor del Viento está perdido en una tierra quebrada, en equilibro entre la venganza y el honor. La Tejedora de Luz, lentamente consumida por su pasado, busca la mentira en la que debe convertirse. El Forjador de Vínculos, nacido en la sangre y la muerte, se esfuerza ahora por reconstruir lo que fue destruido. La Exploradora, a caballo entre los destinos de dos pueblos, se ve obligada a elegir entre una muerte lenta y una terrible traición a todo en lo que cree.

Ya es hora de despertarlos, pues acecha la eterna tormenta.

Y el asesino ha llegado.', CAST(N'2014-03-04' AS Date), N'PalabrasRadiantes.png', 1, 1, 2)
INSERT `LIBRO` (`ID_LIBRO`, `TITULO`, `SINOPSIS`, `FECHA_PUBLICACION`, `PORTADA`, `ID_AUTOR`, `ID_CATERIA`, `ID_SAGA`) VALUES (7, N'Juramentada (3)', N'La humanidad se enfrenta a una nueva Desolación con el regreso de los Portadores del Vacío, un enemi tan grande en número como en sed de venganza. La victoria fugaz de los ejércitos alezi de Dalinar Kholin ha tenido consecuencias: el enemi parshendi ha convocado la violenta tormenta eterna, que arrasa el mundo y hace que los hasta ahora pacíficos parshmenios descubran con horror que llevan un milenio esclavizados por los humanos. Al mismo tiempo, en una desesperada huida para alertar a su familia de la amenaza, Kaladin se pregunta si la repentina ira de los parshmenios está justificada.

Entretanto, en la torre de la ciudad de Urithiru, a salvo de la tormenta, Shallan Davar investiga las maravillas de la antigua fortaleza de los Caballeros Radiantes y desentierra oscuros secretos que acechan en las profundidades. Dalinar descubre entonces que su sagrada misión de unificar su tierra natal de Alezkar era corta de miras. A menos que todas las naciones sean capaces de unirse y dejar de lado el pasado sangriento de Dalinar, ni siquiera la restauración de los Caballeros Radiantes conseguirá impedir el fin de la civilización.', CAST(N'2017-11-14' AS Date), N'Juramentada.png', 1, 1, 2)
INSERT `LIBRO` (`ID_LIBRO`, `TITULO`, `SINOPSIS`, `FECHA_PUBLICACION`, `PORTADA`, `ID_AUTOR`, `ID_CATERIA`, `ID_SAGA`) VALUES (8, N'El ritmo de la guerra (4)', N'Hay secretos que hemos guardado mucho tiempo. Vigilantes. Insomnes. Eternos. Y pronto dejarán de ser nuestros.

La Una que es Tres busca, sin saberlo, el alma capturada. El spren aprisionado, olvidado hace mucho tiempo. ¿Puede liberar su propia alma a tiempo de hallar el conocimiento que condena a todos los pueblos de Roshar?

El Soldado Caído acaricia y ama la lanza, incluso mientras el arma hiende su propia carne. Camina siempre hacia delante, siempre hacia la oscuridad, sin luz. No puede llevar consi a nadie, salvo aquello que él mismo puede avivar.

La Hermana Derrumbada comprende sus errores y piensa que ella misma es un error. Parece muy alejada de sus antepasados, pero no comprende que son quienes la llevan a hombros. Hacia la victoria, y hacia ese silencio, el más importante de todos.

Y la Madre de Máquinas, la más crucial de todos ellos, danza con mentirosos en un gran baile. Debe desenmascararlos, alcanzar sus verdades ocultas y entregarlas al mundo. Tiene que reconocer que las peores mentiras son las que se cuenta a sí misma.

Si lo hace, nuestros secretos por fin se convertirán en verdades.', CAST(N'2020-11-17' AS Date), N'ElRitmoDeLaGuerra.png', 1, 1, 2)
INSERT `LIBRO` (`ID_LIBRO`, `TITULO`, `SINOPSIS`, `FECHA_PUBLICACION`, `PORTADA`, `ID_AUTOR`, `ID_CATERIA`, `ID_SAGA`) VALUES (9, N'Harry Potter y la piedra filosofal (1)', N'«Con las manos temblorosas, Harry le dio la vuelta al sobre y vio un sello de lacre púrpura con un escudo de armas: un león, un águila, un tejón y una serpiente, que rodeaban una gran letra H.»

Harry Potter nunca ha oído hablar de Hogwarts hasta que empiezan a caer cartas en el felpudo del número 4 de Privet Drive. Llevan la dirección escrita con tinta verde en un sobre de pergamino amarillento con un sello de lacre púrpura, y sus horripilantes tíos se apresuran a confiscarlas. Más tarde, el día que Harry cumple once años, Rubeus Hagrid, un hombre gigantesco cuyos ojos brillan como escarabajos negros, irrumpe con una noticia extraordinaria: Harry Potter es un ma, y le han concedido una plaza en el Colegio Hogwarts de Magia y Hechicería. ¡Está a punto de comenzar una aventura increíble!', CAST(N'1997-06-26' AS Date), N'HarryPotterYLaPiedraFilosofal.png', 2, 5, 3)
INSERT `LIBRO` (`ID_LIBRO`, `TITULO`, `SINOPSIS`, `FECHA_PUBLICACION`, `PORTADA`, `ID_AUTOR`, `ID_CATERIA`, `ID_SAGA`) VALUES (10, N'Harry Potter y la cámara secreta (2)', N'«Hay una conspiración, Harry Potter. Una conspiración para hacer que este año sucedan las cosas más terribles en el Colegio Hogwarts de Magia y Hechicería.»

El verano de Harry Potter ha incluido el peor cumpleaños de su vida, las funestas advertencias de un elfo doméstico llamado Dobby y el rescate de casa de los Dursley protanizado por su ami Ron Weasley al volante de un coche mágico volador. De vuelta en el Colegio Hogwarts de Magia y Hechicería, donde va a empezar su segundo curso, Harry oye unos extraños susurros que resuenan por los pasillos vacíos. Y entonces empiezan los ataques y varios alumnos aparecen petrificados... Por lo visto, las siniestras predicciones de Dobby se están cumpliendo....', CAST(N'1998-06-02' AS Date), N'HarryPotterYLaCamaraSecreta.png', 2, 5, 3)
INSERT `LIBRO` (`ID_LIBRO`, `TITULO`, `SINOPSIS`, `FECHA_PUBLICACION`, `PORTADA`, `ID_AUTOR`, `ID_CATERIA`, `ID_SAGA`) VALUES (11, N'Harry Potter y el prisionero de Azkaban (3)', N'«Bienvenido al autobús noctámbulo, transporte de emergencia para el brujo abandonado a su suerte. Levante la varita, suba a bordo y lo llevaremos a donde quiera.»

Cuando el autobús noctámbulo irrumpe en una calle oscura y frena con fuertes chirridos delante de Harry, comienza para él un nuevo curso en Hogwarts, lleno de acontecimientos extraordinarios. Sirius Black, asesino y seguidor de lord Voldemort, se ha fugado, y dicen que va en busca de Harry. En su primera clase de Adivinación, la profesora Trelawney ve un augurio de muerte en las hojas de té de la taza de Harry... Pero quizá lo más aterrador sean los dementores que patrullan por los jardines del colegio, capaces de sorberte el alma con su beso...', CAST(N'1999-07-08' AS Date), N'HarryPotterYElPrisioneroDeAzkaban.png', 2, 5, 3)
INSERT `LIBRO` (`ID_LIBRO`, `TITULO`, `SINOPSIS`, `FECHA_PUBLICACION`, `PORTADA`, `ID_AUTOR`, `ID_CATERIA`, `ID_SAGA`) VALUES (12, N'Harry Potter y el cáliz de fue (4)', N'«Habrá tres pruebas, espaciadas en el curso escolar, que medirán a los campeones en muchos aspectos diferentes: sus habilidades mágicas, su osadía, sus dotes de deducción y, por supuesto, su capacidad para sortear el peligro.»

Se va a celebrar en Hogwarts el Torneo de los Tres Mas. Sólo los alumnos mayores de diecisiete años pueden participar en esta competición, pero, aun así, Harry sueña con ganarla. En Halloween, cuando el cáliz de fue elige a los campeones, Harry se lleva una sorpresa al ver que su nombre es uno de los escogidos por el cáliz mágico. Durante el torneo deberá enfrentarse a desafíos mortales, dranes y mas tenebrosos, pero con la ayuda de Ron y Hermione, sus mejores amis, ¡quizá logre salir con vida!', CAST(N'2001-03-02' AS Date), N'HarryPotterYElCalizDeFue.png', 2, 5, 3)
INSERT `LIBRO` (`ID_LIBRO`, `TITULO`, `SINOPSIS`, `FECHA_PUBLICACION`, `PORTADA`, `ID_AUTOR`, `ID_CATERIA`, `ID_SAGA`) VALUES (13, N'Harry Potter y la Orden del Fénix (5)', N'«El director cree que no es conveniente que eso continúe ocurriendo. Quiere que te enseñe a cerrar tu mente al Señor Tenebroso.»

Son malos tiempos para Hogwarts. Tras el ataque de los dementores a su primo Dudley, Harry Potter comprende que Voldemort no se detendrá ante nada para encontrarlo. Muchos niegan que el Señor Tenebroso haya regresado, pero Harry no está solo: una orden secreta se reúne en Grimmauld Place para luchar contra las fuerzas oscuras. Harry debe permitir que el profesor Snape le enseñe a protegerse de las brutales incursiones de Voldemort en su mente. Pero éstas son cada vez más potentes, y a Harry se le está atando el tiempo...', CAST(N'2008-12-04' AS Date), N'HarryPotterYLaOrdenDelFenix.png', 2, 5, 3)
INSERT `LIBRO` (`ID_LIBRO`, `TITULO`, `SINOPSIS`, `FECHA_PUBLICACION`, `PORTADA`, `ID_AUTOR`, `ID_CATERIA`, `ID_SAGA`) VALUES (14, N'IT', N'Un grupo de niños de Derry, Maine, se enfrenta a un monstruo que cambia de forma y se alimenta del miedo de los niños.', CAST(N'1986-09-01' AS Date), N'It.png', 3, 1, NULL)
INSERT `LIBRO` (`ID_LIBRO`, `TITULO`, `SINOPSIS`, `FECHA_PUBLICACION`, `PORTADA`, `ID_AUTOR`, `ID_CATERIA`, `ID_SAGA`) VALUES (15, N'El resplandor', N'Un escritor en apuros y su familia se instalan como guardeses en un hotel aislado, donde se ve afectado por fuerzas paranormales.', CAST(N'1977-01-01' AS Date), N'ElResplandor.png', 3, 1, NULL)
INSERT `LIBRO` (`ID_LIBRO`, `TITULO`, `SINOPSIS`, `FECHA_PUBLICACION`, `PORTADA`, `ID_AUTOR`, `ID_CATERIA`, `ID_SAGA`) VALUES (16, N'Misery', N'Un escritor famoso es secuestrado por una fan obsesiva que lo obliga a escribir una nueva novela.', CAST(N'1987-06-08' AS Date), N'Misery.png', 3, 1, NULL)
INSERT `LIBRO` (`ID_LIBRO`, `TITULO`, `SINOPSIS`, `FECHA_PUBLICACION`, `PORTADA`, `ID_AUTOR`, `ID_CATERIA`, `ID_SAGA`) VALUES (17, N'La milla verde', N'Un guardia de la prisión en el corredor de la muerte de una prisión de máxima seguridad forma una amistad con un recluso condenado por asesinato.', CAST(N'1996-08-06' AS Date), N'LaMillaVerde.png', 3, 1, NULL)
INSERT `LIBRO` (`ID_LIBRO`, `TITULO`, `SINOPSIS`, `FECHA_PUBLICACION`, `PORTADA`, `ID_AUTOR`, `ID_CATERIA`, `ID_SAGA`) VALUES (18, N'El cazador de sueños', N'Un grupo de amis se reúne para cazar en el bosque y se encuentra con una criatura alienígena.', CAST(N'2003-09-02' AS Date), N'ElCazadorDeSuenos.png', 3, 1, NULL)
INSERT `LIBRO` (`ID_LIBRO`, `TITULO`, `SINOPSIS`, `FECHA_PUBLICACION`, `PORTADA`, `ID_AUTOR`, `ID_CATERIA`, `ID_SAGA`) VALUES (19, N'Jue de Tronos', N'En un mundo de intrigas y batallas, nueve familias nobles se disputan el control del Trono de Hierro.', CAST(N'1996-08-01' AS Date), N'JueDeTronos.png', 4, 1, NULL)
INSERT `LIBRO` (`ID_LIBRO`, `TITULO`, `SINOPSIS`, `FECHA_PUBLICACION`, `PORTADA`, `ID_AUTOR`, `ID_CATERIA`, `ID_SAGA`) VALUES (20, N'Choque de Reyes', N'Mientras la guerra civil se extiende por los Siete Reinos, Daenerys Targaryen navega hacia Poniente para reclamar su derecho al trono.', CAST(N'1998-11-17' AS Date), N'ChoqueDeReyes.png', 4, 1, NULL)
INSERT `LIBRO` (`ID_LIBRO`, `TITULO`, `SINOPSIS`, `FECHA_PUBLICACION`, `PORTADA`, `ID_AUTOR`, `ID_CATERIA`, `ID_SAGA`) VALUES (21, N'Tormenta de Espadas', N'Las alianzas se tambalean y las traiciones abundan mientras los Stark, los Lannister y los Targaryen se enfrentan por el destino de Westeros.', CAST(N'2000-11-08' AS Date), N'TormentaDeEspadas.png', 4, 1, NULL)
INSERT `LIBRO` (`ID_LIBRO`, `TITULO`, `SINOPSIS`, `FECHA_PUBLICACION`, `PORTADA`, `ID_AUTOR`, `ID_CATERIA`, `ID_SAGA`) VALUES (22, N'Festín de Cuervos', N'Con la guerra devastando el reino, nuevos personajes entran en escena mientras las viejas rivalidades se intensifican.', CAST(N'2005-10-17' AS Date), N'FestinDeCuervos.png', 4, 1, NULL)
INSERT `LIBRO` (`ID_LIBRO`, `TITULO`, `SINOPSIS`, `FECHA_PUBLICACION`, `PORTADA`, `ID_AUTOR`, `ID_CATERIA`, `ID_SAGA`) VALUES (23, N'Danza de Dranes', N'Daenerys finalmente llega a Poniente, pero su camino al trono está plagado de peligros y enemis.', CAST(N'2011-07-12' AS Date), N'DanzaDeDranes.png', 4, 1, NULL)
INSERT `LIBRO` (`ID_LIBRO`, `TITULO`, `SINOPSIS`, `FECHA_PUBLICACION`, `PORTADA`, `ID_AUTOR`, `ID_CATERIA`, `ID_SAGA`) VALUES (24, N'El asesinato de Roger Ackroyd', N'Un detective retirado se enfrenta a un caso en el que todos parecen tener un motivo para asesinar a la víctima.', CAST(N'1926-06-01' AS Date), N'ElAsesinatoDeRogerAckroyd.png', 5, 1, NULL)
INSERT `LIBRO` (`ID_LIBRO`, `TITULO`, `SINOPSIS`, `FECHA_PUBLICACION`, `PORTADA`, `ID_AUTOR`, `ID_CATERIA`, `ID_SAGA`) VALUES (25, N'Muerte en el Nilo', N'Un crucero por el Nilo se convierte en una escena de crimen cuando una joven rica es asesinada.', CAST(N'1937-09-01' AS Date), N'MuerteEnElNilo.png', 5, 1, NULL)
INSERT `LIBRO` (`ID_LIBRO`, `TITULO`, `SINOPSIS`, `FECHA_PUBLICACION`, `PORTADA`, `ID_AUTOR`, `ID_CATERIA`, `ID_SAGA`) VALUES (26, N'Y no quedó ninguno', N'Diez personas son invitadas a una isla misteriosa, donde uno por uno comienzan a morir.', CAST(N'1939-08-01' AS Date), N'YNoQuedoNinguno.png', 5, 1, NULL)
INSERT `LIBRO` (`ID_LIBRO`, `TITULO`, `SINOPSIS`, `FECHA_PUBLICACION`, `PORTADA`, `ID_AUTOR`, `ID_CATERIA`, `ID_SAGA`) VALUES (27, N'Testi de car', N'Un abogado defiende a un hombre acusado de asesinar a su esposa, pero la verdad puede ser más compleja de lo que parece.', CAST(N'1954-10-01' AS Date), N'TestiDeCar.png', 5, 1, NULL)
INSERT `LIBRO` (`ID_LIBRO`, `TITULO`, `SINOPSIS`, `FECHA_PUBLICACION`, `PORTADA`, `ID_AUTOR`, `ID_CATERIA`, `ID_SAGA`) VALUES (28, N'El misterio de la Guía de Ferrocarriles', N'Una joven pareja se ve envuelta en un misterio cuando encuentran un cuerpo sin vida en un tren.', CAST(N'1936-01-01' AS Date), N'ElMisterioDeLaGuiaDeFerrocarriles.png', 5, 1, NULL)
INSERT `LIBRO` (`ID_LIBRO`, `TITULO`, `SINOPSIS`, `FECHA_PUBLICACION`, `PORTADA`, `ID_AUTOR`, `ID_CATERIA`, `ID_SAGA`) VALUES (29, N'La casa de los espíritus', N'Una saga familiar que abarca varias generaciones en Chile, desde la época colonial hasta el siglo XX.', CAST(N'1982-01-01' AS Date), N'LaCasaDeLosEspiritus.png', 6, 1, NULL)
INSERT `LIBRO` (`ID_LIBRO`, `TITULO`, `SINOPSIS`, `FECHA_PUBLICACION`, `PORTADA`, `ID_AUTOR`, `ID_CATERIA`, `ID_SAGA`) VALUES (30, N'De amor y de sombra', N'La historia de Irene Beltrán, una mujer que lucha por encontrar el amor y la justicia en un contexto de violencia política.', CAST(N'1984-01-01' AS Date), N'DeAmorYDeSombra.png', 6, 1, NULL)
INSERT `LIBRO` (`ID_LIBRO`, `TITULO`, `SINOPSIS`, `FECHA_PUBLICACION`, `PORTADA`, `ID_AUTOR`, `ID_CATERIA`, `ID_SAGA`) VALUES (31, N'Eva Luna', N'La historia de una joven que busca su identidad y su lugar en el mundo.', CAST(N'1987-01-01' AS Date), N'EvaLuna.png', 6, 1, NULL)
INSERT `LIBRO` (`ID_LIBRO`, `TITULO`, `SINOPSIS`, `FECHA_PUBLICACION`, `PORTADA`, `ID_AUTOR`, `ID_CATERIA`, `ID_SAGA`) VALUES (32, N'El plan infinito', N'Un thriller que explora los límites del amor, la amistad y la familia.', CAST(N'1991-01-01' AS Date), N'ElPlanInfinito.png', 6, 2, NULL)
INSERT `LIBRO` (`ID_LIBRO`, `TITULO`, `SINOPSIS`, `FECHA_PUBLICACION`, `PORTADA`, `ID_AUTOR`, `ID_CATERIA`, `ID_SAGA`) VALUES (33, N'Paula', N'Un relato autobiográfico sobre la muerte de la hija de Isabel Allende.', CAST(N'1994-01-01' AS Date), N'Paula.png', 6, 2, NULL)
INSERT `LIBRO` (`ID_LIBRO`, `TITULO`, `SINOPSIS`, `FECHA_PUBLICACION`, `PORTADA`, `ID_AUTOR`, `ID_CATERIA`, `ID_SAGA`) VALUES (34, N'Cien años de soledad', N'Una novela épica sobre la familia Buendía y el Macondo ficticio', CAST(N'1967-05-30' AS Date), N'CienAnosDeSoledad.png', 7, 1, NULL)
INSERT `LIBRO` (`ID_LIBRO`, `TITULO`, `SINOPSIS`, `FECHA_PUBLICACION`, `PORTADA`, `ID_AUTOR`, `ID_CATERIA`, `ID_SAGA`) VALUES (35, N'El coronel no tiene quien le escriba', N'La historia de un coronel retirado que espera una carta que nunca llega', CAST(N'1961-08-01' AS Date), N'ElCoronelNoTieneQuienLeEscriba.png', 7, 1, NULL)
INSERT `LIBRO` (`ID_LIBRO`, `TITULO`, `SINOPSIS`, `FECHA_PUBLICACION`, `PORTADA`, `ID_AUTOR`, `ID_CATERIA`, `ID_SAGA`) VALUES (36, N'El amor en los tiempos del cólera', N'Un relato de amor apasionado entre Fermina Daza y Florentino Ariza', CAST(N'1985-11-01' AS Date), N'ElAmorEnLosTiemposDelColera.png', 7, 1, NULL)
INSERT `LIBRO` (`ID_LIBRO`, `TITULO`, `SINOPSIS`, `FECHA_PUBLICACION`, `PORTADA`, `ID_AUTOR`, `ID_CATERIA`, `ID_SAGA`) VALUES (37, N'Crónica de una muerte anunciada', N'Un asesinato anunciado y la búsqueda de los motivos', CAST(N'1981-04-01' AS Date), N'CronicaDeUnaMuerteAnunciada.png', 7, 1, NULL)
INSERT `LIBRO` (`ID_LIBRO`, `TITULO`, `SINOPSIS`, `FECHA_PUBLICACION`, `PORTADA`, `ID_AUTOR`, `ID_CATERIA`, `ID_SAGA`) VALUES (38, N'Los funerales de la Mamá Grande', N'Una novela sobre el poder y la decadencia de una familia', CAST(N'1962-01-01' AS Date), N'LosFuneralesDeLaMamaGrande.png', 7, 1, NULL)
INSERT `LIBRO` (`ID_LIBRO`, `TITULO`, `SINOPSIS`, `FECHA_PUBLICACION`, `PORTADA`, `ID_AUTOR`, `ID_CATERIA`, `ID_SAGA`) VALUES (39, N'El Alquimista', N'Un joven pastor andaluz llamado Santia emprende un viaje en busca de un tesoro enterrado cerca de las Pirámides de Egipto.', CAST(N'1988-06-01' AS Date), N'ElAlquimista.png', 8, 1, NULL)
INSERT `LIBRO` (`ID_LIBRO`, `TITULO`, `SINOPSIS`, `FECHA_PUBLICACION`, `PORTADA`, `ID_AUTOR`, `ID_CATERIA`, `ID_SAGA`) VALUES (40, N'Brida', N'Una joven irlandesa llamada Brida viaja a España para aprender sobre la Tradición de la Diosa.', CAST(N'1990-01-01' AS Date), N'Brida.png', 8, 1, NULL)
INSERT `LIBRO` (`ID_LIBRO`, `TITULO`, `SINOPSIS`, `FECHA_PUBLICACION`, `PORTADA`, `ID_AUTOR`, `ID_CATERIA`, `ID_SAGA`) VALUES (41, N'Las Valkirias', N'Tres mujeres de diferentes edades y procedencias se reúnen en un pequeño pueblo de los Pirineos para descubrir los secretos de su pasado.', CAST(N'1992-01-01' AS Date), N'LasValkirias.png', 8, 2, NULL)
INSERT `LIBRO` (`ID_LIBRO`, `TITULO`, `SINOPSIS`, `FECHA_PUBLICACION`, `PORTADA`, `ID_AUTOR`, `ID_CATERIA`, `ID_SAGA`) VALUES (42, N'Veronika decide morir', N'Una joven eslovena llamada Veronika decide suicidarse, pero en lugar de morir, se despierta en un hospital psiquiátrico.', CAST(N'1998-01-01' AS Date), N'VeronikaDecideMorir.png', 8, 2, NULL)
INSERT `LIBRO` (`ID_LIBRO`, `TITULO`, `SINOPSIS`, `FECHA_PUBLICACION`, `PORTADA`, `ID_AUTOR`, `ID_CATERIA`, `ID_SAGA`) VALUES (43, N'El Zahir', N'Un escritor brasileño llamado Paulo Coelho emprende un viaje por el desierto en busca de un hombre que le enseñe sobre el amor.', CAST(N'2005-01-01' AS Date), N'ElZahir.png', 8, 1, NULL)
INSERT `LIBRO` (`ID_LIBRO`, `TITULO`, `SINOPSIS`, `FECHA_PUBLICACION`, `PORTADA`, `ID_AUTOR`, `ID_CATERIA`, `ID_SAGA`) VALUES (44, N'Tokio Blues', N'La historia de dos jóvenes que se enamoran en el Tokio de los años 60.', CAST(N'1979-04-01' AS Date), N'TokioBlues.png', 9, 1, NULL)
INSERT `LIBRO` (`ID_LIBRO`, `TITULO`, `SINOPSIS`, `FECHA_PUBLICACION`, `PORTADA`, `ID_AUTOR`, `ID_CATERIA`, `ID_SAGA`) VALUES (45, N'La caza del carnero salvaje', N'La historia comienza con un joven publicista sin nombre que, tras divorciarse y experimentar una profunda desolación, se embarca en una peculiar búsqueda. Una fotografía, aparentemente anodina, de un rebaño de ovejas con un carnero de características especiales, lo ha puesto en la mira de un poderoso grupo empresarial. Amenazado por este grupo, el joven decide huir y refugiarse en las montañas del norte de Japón.', CAST(N'1991-09-01' AS Date), N'LaCazaDelCarneroSalvaje.png', 9, 1, NULL)
INSERT `LIBRO` (`ID_LIBRO`, `TITULO`, `SINOPSIS`, `FECHA_PUBLICACION`, `PORTADA`, `ID_AUTOR`, `ID_CATERIA`, `ID_SAGA`) VALUES (46, N'Kafka en la Orilla', N'Un adolescente huye de casa y se embarca en un viaje surrealista.', CAST(N'2002-09-01' AS Date), N'KafkaEnLaOrilla.png', 9, 1, NULL)
INSERT `LIBRO` (`ID_LIBRO`, `TITULO`, `SINOPSIS`, `FECHA_PUBLICACION`, `PORTADA`, `ID_AUTOR`, `ID_CATERIA`, `ID_SAGA`) VALUES (47, N'Crónica del Pájaro Mecánico', N'Un joven busca a una chica desaparecida en un mundo distópico.', CAST(N'1997-06-01' AS Date), N'CronicaDelPajaroMecanico.png', 9, 1, NULL)
INSERT `LIBRO` (`ID_LIBRO`, `TITULO`, `SINOPSIS`, `FECHA_PUBLICACION`, `PORTADA`, `ID_AUTOR`, `ID_CATERIA`, `ID_SAGA`) VALUES (48, N'After Dark', N'Cerca de la medianoche, Mari, una joven estudiante, se encuentra en un café leyendo un libro. Un joven músico llamado Takahashi la interrumpe. Mari ha perdido el último tren a casa y planea pasar la noche leyendo. Takahashi se va a ensayar con su banda, pero promete regresar antes del amanecer.', CAST(N'2004-10-01' AS Date), N'AfterDark.png', 9, 1, NULL)
INSERT `LIBRO` (`ID_LIBRO`, `TITULO`, `SINOPSIS`, `FECHA_PUBLICACION`, `PORTADA`, `ID_AUTOR`, `ID_CATERIA`, `ID_SAGA`) VALUES (49, N'American ds', N'Un ex convicto se embarca en un viaje por Estados Unidos para descubrir que los antiguos dioses están luchando contra los nuevos dioses, como la tecnología y los medios de comunicación.', CAST(N'2001-06-01' AS Date), N'Americands.png', 10, 1, NULL)
INSERT `LIBRO` (`ID_LIBRO`, `TITULO`, `SINOPSIS`, `FECHA_PUBLICACION`, `PORTADA`, `ID_AUTOR`, `ID_CATERIA`, `ID_SAGA`) VALUES (50, N'Coraline', N'Una niña aventurera descubre una puerta secreta que la lleva a una versión alternativa de su casa, pero con algunos cambios inquietantes.', CAST(N'2002-01-01' AS Date), N'Coraline.png', 10, 5, NULL)
INSERT `LIBRO` (`ID_LIBRO`, `TITULO`, `SINOPSIS`, `FECHA_PUBLICACION`, `PORTADA`, `ID_AUTOR`, `ID_CATERIA`, `ID_SAGA`) VALUES (51, N'Stardust', N'Un joven se embarca en una aventura para encontrar una estrella fugaz que ha caído en la tierra, solo para descubrir que es más de lo que esperaba.', CAST(N'1999-10-01' AS Date), N'Stardust.png', 10, 1, NULL)
INSERT `LIBRO` (`ID_LIBRO`, `TITULO`, `SINOPSIS`, `FECHA_PUBLICACION`, `PORTADA`, `ID_AUTOR`, `ID_CATERIA`, `ID_SAGA`) VALUES (52, N'Neverwhere', N'Un hombre común y corriente se ve envuelto en un mundo secreto de Londres, lleno de magia y peligro.', CAST(N'1996-09-01' AS Date), N'Neverwhere.png', 10, 1, NULL)
INSERT `LIBRO` (`ID_LIBRO`, `TITULO`, `SINOPSIS`, `FECHA_PUBLICACION`, `PORTADA`, `ID_AUTOR`, `ID_CATERIA`, `ID_SAGA`) VALUES (53, N'El oceano al final del camino', N'Un hombre regresa a su casa de la infancia y recuerda un verano mágico de su pasado, lleno de misterio y fantasía.', CAST(N'2013-06-01' AS Date), N'ElOceanoAlFinalDelCamino.png', 10, 1, NULL)
INSERT `LIBRO` (`ID_LIBRO`, `TITULO`, `SINOPSIS`, `FECHA_PUBLICACION`, `PORTADA`, `ID_AUTOR`, `ID_CATERIA`, `ID_SAGA`) VALUES (54, N'El nombre del viento (1)', N'Kvothe, un joven de talento excepcional, narra su historia desde los duros años de su infancia hasta su ascenso como ma y músico sin igual.', CAST(N'2007-03-06' AS Date), N'ElNombreDelViento.png', 11, 1, 4)
INSERT `LIBRO` (`ID_LIBRO`, `TITULO`, `SINOPSIS`, `FECHA_PUBLICACION`, `PORTADA`, `ID_AUTOR`, `ID_CATERIA`, `ID_SAGA`) VALUES (55, N'El temor de un hombre sabio (2)', N'Kvothe continúa su viaje épico, enfrentando nuevos desafíos y revelando secretos de su pasado.', CAST(N'2011-03-01' AS Date), N'ElTemorDeUnHombreSabio.png', 11, 1, 4)
INSERT `LIBRO` (`ID_LIBRO`, `TITULO`, `SINOPSIS`, `FECHA_PUBLICACION`, `PORTADA`, `ID_AUTOR`, `ID_CATERIA`, `ID_SAGA`) VALUES (56, N'El Ojo del Mundo (1)', N'Rand al''Thor es un joven que vive en una aldea tranquila. Un día, un grupo de Aes Sedai, poderosas magas, llega a la aldea y le advierte que está en peligro. Rand debe huir con sus amis y embarcarse en un viaje para descubrir su destino.', CAST(N'1990-01-01' AS Date), N'ElOjoDelMundo.png', 12, 1, 5)
INSERT `LIBRO` (`ID_LIBRO`, `TITULO`, `SINOPSIS`, `FECHA_PUBLICACION`, `PORTADA`, `ID_AUTOR`, `ID_CATERIA`, `ID_SAGA`) VALUES (57, N'La Gran Cacería (2)', N'Rand y sus amis continúan su viaje para encontrar el Ojo del Mundo. En el camino, se enfrentan a nuevos peligros y enemis.', CAST(N'1990-11-01' AS Date), N'LaGranCaceria.png', 12, 1, 5)
INSERT `LIBRO` (`ID_LIBRO`, `TITULO`, `SINOPSIS`, `FECHA_PUBLICACION`, `PORTADA`, `ID_AUTOR`, `ID_CATERIA`, `ID_SAGA`) VALUES (58, N'El Dragón Renacido (3)', N'Rand finalmente acepta su destino como el Dragón Renacido, el único que puede salvar al mundo del Oscuro. Debe reunir a sus fuerzas y prepararse para la batalla final.', CAST(N'1991-10-01' AS Date), N'ElDranRenacido.png', 12, 1, 5)
INSERT `LIBRO` (`ID_LIBRO`, `TITULO`, `SINOPSIS`, `FECHA_PUBLICACION`, `PORTADA`, `ID_AUTOR`, `ID_CATERIA`, `ID_SAGA`) VALUES (59, N'El Ascenso de la Sombra (4)', N'La guerra contra el Oscuro se intensifica. Rand y sus aliados deben luchar contra enemis poderosos mientras intentan evitar que el Oscuro destruya el mundo.', CAST(N'1992-09-01' AS Date), N'ElAscensoDeLaSombra.png', 12, 1, 5)
INSERT `LIBRO` (`ID_LIBRO`, `TITULO`, `SINOPSIS`, `FECHA_PUBLICACION`, `PORTADA`, `ID_AUTOR`, `ID_CATERIA`, `ID_SAGA`) VALUES (60, N'Cielo en Llamas (5)', N'Rand se enfrenta a una nueva amenaza: el Señor del Caos. Debe encontrar una manera de derrotarlo antes de que sea demasiado tarde.', CAST(N'1993-09-01' AS Date), N'CieloEnLlamas.png', 12, 1, 5)
INSERT `LIBRO` (`ID_LIBRO`, `TITULO`, `SINOPSIS`, `FECHA_PUBLICACION`, `PORTADA`, `ID_AUTOR`, `ID_CATERIA`, `ID_SAGA`) VALUES (61, N'El Señor del Caos (6)', N'Rand continúa su lucha contra el Oscuro. Debe tomar decisiones difíciles que tendrán un impacto en el futuro del mundo.', CAST(N'1994-09-01' AS Date), N'ElSenorDelCaos.png', 12, 1, 5)
INSERT `LIBRO` (`ID_LIBRO`, `TITULO`, `SINOPSIS`, `FECHA_PUBLICACION`, `PORTADA`, `ID_AUTOR`, `ID_CATERIA`, `ID_SAGA`) VALUES (62, N'La Corona de Espadas (7)', N'Rand se enfrenta a la traición de algunos de sus aliados. Debe descubrir quiénes son sus verdaderos enemis y cómo derrotarlos.', CAST(N'1995-09-01' AS Date), N'CoronaDeEspadas.png', 12, 1, 5)
INSERT `LIBRO` (`ID_LIBRO`, `TITULO`, `SINOPSIS`, `FECHA_PUBLICACION`, `PORTADA`, `ID_AUTOR`, `ID_CATERIA`, `ID_SAGA`) VALUES (63, N'El Camino de Dagas (8)', N'Rand se acerca al final de su viaje. Debe tomar una decisión final que determinará el destino del mundo.', CAST(N'1996-09-01' AS Date), N'ElCaminoDeDagas.png', 12, 1, 5)

INSERT `METODO_PA` (`ID_METODO_PA`, `NOMBRE`) VALUES (1, N'Visa')
INSERT `METODO_PA` (`ID_METODO_PA`, `NOMBRE`) VALUES (2, N'Visa Electron 4B')
INSERT `METODO_PA` (`ID_METODO_PA`, `NOMBRE`) VALUES (3, N'Euro6000')
INSERT `METODO_PA` (`ID_METODO_PA`, `NOMBRE`) VALUES (4, N'American Express')
INSERT `METODO_PA` (`ID_METODO_PA`, `NOMBRE`) VALUES (5, N'MasterCard')
INSERT `METODO_PA` (`ID_METODO_PA`, `NOMBRE`) VALUES (6, N'Maestro International')
INSERT `METODO_PA` (`ID_METODO_PA`, `NOMBRE`) VALUES (7, N'PayPal')

INSERT `OPINION` (`ID_OPINION`, `NOMBRE`, `DESCRIPCION`) VALUES (1, N'Favorito', N'Libro que ha dejado una impresión profunda y que se considera especialmente valioso.')
INSERT `OPINION` (`ID_OPINION`, `NOMBRE`, `DESCRIPCION`) VALUES (2, N'Leído', N'Libro que se ha completado de leer.')
INSERT `OPINION` (`ID_OPINION`, `NOMBRE`, `DESCRIPCION`) VALUES (3, N'Pendiente', N'Libro que se desea leer en el futuro.')
INSERT `OPINION` (`ID_OPINION`, `NOMBRE`, `DESCRIPCION`) VALUES (4, N'Descartado', N'Libro que no se ha completado de leer y que no se tiene intención de leer en el futuro.')

INSERT `PEDIDO` (`ID_PEDIDO`, `ID_USUARIO`, `FECHA_SOLICITUD`, `FECHA_ESTIMADA`, `FECHA_ENTREGA`, `ID_ESTADO_PEDIDO`) VALUES (1, 6, CAST(N'2024-03-18' AS Date), CAST(N'2024-03-21' AS Date), NULL, 7)
INSERT `PEDIDO` (`ID_PEDIDO`, `ID_USUARIO`, `FECHA_SOLICITUD`, `FECHA_ESTIMADA`, `FECHA_ENTREGA`, `ID_ESTADO_PEDIDO`) VALUES (2, 6, CAST(N'2024-04-01' AS Date), CAST(N'2024-04-04' AS Date), NULL, 2)
INSERT `PEDIDO` (`ID_PEDIDO`, `ID_USUARIO`, `FECHA_SOLICITUD`, `FECHA_ESTIMADA`, `FECHA_ENTREGA`, `ID_ESTADO_PEDIDO`) VALUES (3, 6, CAST(N'2024-04-01' AS Date), CAST(N'2024-04-04' AS Date), NULL, 2)
INSERT `PEDIDO` (`ID_PEDIDO`, `ID_USUARIO`, `FECHA_SOLICITUD`, `FECHA_ESTIMADA`, `FECHA_ENTREGA`, `ID_ESTADO_PEDIDO`) VALUES (4, 6, CAST(N'2024-04-01' AS Date), CAST(N'2024-04-04' AS Date), NULL, 2)
INSERT `PEDIDO` (`ID_PEDIDO`, `ID_USUARIO`, `FECHA_SOLICITUD`, `FECHA_ESTIMADA`, `FECHA_ENTREGA`, `ID_ESTADO_PEDIDO`) VALUES (5, 6, CAST(N'2024-04-01' AS Date), CAST(N'2024-04-04' AS Date), NULL, 2)
INSERT `PEDIDO` (`ID_PEDIDO`, `ID_USUARIO`, `FECHA_SOLICITUD`, `FECHA_ESTIMADA`, `FECHA_ENTREGA`, `ID_ESTADO_PEDIDO`) VALUES (6, 6, CAST(N'2024-04-01' AS Date), CAST(N'2024-04-04' AS Date), NULL, 2)
INSERT `PEDIDO` (`ID_PEDIDO`, `ID_USUARIO`, `FECHA_SOLICITUD`, `FECHA_ESTIMADA`, `FECHA_ENTREGA`, `ID_ESTADO_PEDIDO`) VALUES (7, 6, CAST(N'2024-04-01' AS Date), CAST(N'2024-04-04' AS Date), NULL, 2)

INSERT `PEDIDOS_PRODUCTOS` (`ID_PEDIDO_PRODUCTO`, `UNIDADES`, `ID_PEDIDO`, `ID_PRODUCTO`) VALUES (1, 1, 1, 13)
INSERT `PEDIDOS_PRODUCTOS` (`ID_PEDIDO_PRODUCTO`, `UNIDADES`, `ID_PEDIDO`, `ID_PRODUCTO`) VALUES (2, 1, 1, 16)
INSERT `PEDIDOS_PRODUCTOS` (`ID_PEDIDO_PRODUCTO`, `UNIDADES`, `ID_PEDIDO`, `ID_PRODUCTO`) VALUES (3, 3, 5, 1)
INSERT `PEDIDOS_PRODUCTOS` (`ID_PEDIDO_PRODUCTO`, `UNIDADES`, `ID_PEDIDO`, `ID_PRODUCTO`) VALUES (4, 2, 5, 4)
INSERT `PEDIDOS_PRODUCTOS` (`ID_PEDIDO_PRODUCTO`, `UNIDADES`, `ID_PEDIDO`, `ID_PRODUCTO`) VALUES (5, 4, 5, 7)
INSERT `PEDIDOS_PRODUCTOS` (`ID_PEDIDO_PRODUCTO`, `UNIDADES`, `ID_PEDIDO`, `ID_PRODUCTO`) VALUES (6, 1, 7, 1)
INSERT `PEDIDOS_PRODUCTOS` (`ID_PEDIDO_PRODUCTO`, `UNIDADES`, `ID_PEDIDO`, `ID_PRODUCTO`) VALUES (7, 1, 7, 4)

INSERT `PRODUCTO` (`ID_PRODUCTO`, `ISBN`, `PRECIO`, `ID_FORMATO`, `ID_LIBRO`, `ID_EDITORIAL`) VALUES (1, N'978-8466658843', 30, 1, 1, 1)
INSERT `PRODUCTO` (`ID_PRODUCTO`, `ISBN`, `PRECIO`, `ID_FORMATO`, `ID_LIBRO`, `ID_EDITORIAL`) VALUES (2, N'978-8413146041', 15, 2, 1, 2)
INSERT `PRODUCTO` (`ID_PRODUCTO`, `ISBN`, `PRECIO`, `ID_FORMATO`, `ID_LIBRO`, `ID_EDITORIAL`) VALUES (3, N'B01DKMR9DA', 5, 3, 1, 1)
INSERT `PRODUCTO` (`ID_PRODUCTO`, `ISBN`, `PRECIO`, `ID_FORMATO`, `ID_LIBRO`, `ID_EDITORIAL`) VALUES (4, N'978-8417347291', 30, 1, 2, 1)
INSERT `PRODUCTO` (`ID_PRODUCTO`, `ISBN`, `PRECIO`, `ID_FORMATO`, `ID_LIBRO`, `ID_EDITORIAL`) VALUES (5, N'978-8419260246', 15, 2, 2, 1)
INSERT `PRODUCTO` (`ID_PRODUCTO`, `ISBN`, `PRECIO`, `ID_FORMATO`, `ID_LIBRO`, `ID_EDITORIAL`) VALUES (6, N'B00AR07NXU', 5, 3, 2, 1)
INSERT `PRODUCTO` (`ID_PRODUCTO`, `ISBN`, `PRECIO`, `ID_FORMATO`, `ID_LIBRO`, `ID_EDITORIAL`) VALUES (7, N'978-8466658904', 30, 1, 3, 1)
INSERT `PRODUCTO` (`ID_PRODUCTO`, `ISBN`, `PRECIO`, `ID_FORMATO`, `ID_LIBRO`, `ID_EDITORIAL`) VALUES (8, N'978-8419260253', 15, 3, 3, 1)
INSERT `PRODUCTO` (`ID_PRODUCTO`, `ISBN`, `PRECIO`, `ID_FORMATO`, `ID_LIBRO`, `ID_EDITORIAL`) VALUES (9, N'B00AR07H9A', 5, 3, 3, 1)
INSERT `PRODUCTO` (`ID_PRODUCTO`, `ISBN`, `PRECIO`, `ID_FORMATO`, `ID_LIBRO`, `ID_EDITORIAL`) VALUES (10, N'978-8466658911', 30, 1, 4, 1)
INSERT `PRODUCTO` (`ID_PRODUCTO`, `ISBN`, `PRECIO`, `ID_FORMATO`, `ID_LIBRO`, `ID_EDITORIAL`) VALUES (11, N'978-8419260260', 15, 2, 4, 1)
INSERT `PRODUCTO` (`ID_PRODUCTO`, `ISBN`, `PRECIO`, `ID_FORMATO`, `ID_LIBRO`, `ID_EDITORIAL`) VALUES (12, N'B00CH2TR7Q', 5, 3, 4, 1)
INSERT `PRODUCTO` (`ID_PRODUCTO`, `ISBN`, `PRECIO`, `ID_FORMATO`, `ID_LIBRO`, `ID_EDITORIAL`) VALUES (13, N'978-8466657662', 30, 1, 5, 1)
INSERT `PRODUCTO` (`ID_PRODUCTO`, `ISBN`, `PRECIO`, `ID_FORMATO`, `ID_LIBRO`, `ID_EDITORIAL`) VALUES (14, N'978-8413143941', 15, 2, 5, 2)
INSERT `PRODUCTO` (`ID_PRODUCTO`, `ISBN`, `PRECIO`, `ID_FORMATO`, `ID_LIBRO`, `ID_EDITORIAL`) VALUES (15, N'B014R3ODUI', 5, 3, 5, 1)
INSERT `PRODUCTO` (`ID_PRODUCTO`, `ISBN`, `PRECIO`, `ID_FORMATO`, `ID_LIBRO`, `ID_EDITORIAL`) VALUES (16, N'978-8466657549', 30, 1, 6, 1)
INSERT `PRODUCTO` (`ID_PRODUCTO`, `ISBN`, `PRECIO`, `ID_FORMATO`, `ID_LIBRO`, `ID_EDITORIAL`) VALUES (17, N'978-8413143958', 15, 2, 6, 2)
INSERT `PRODUCTO` (`ID_PRODUCTO`, `ISBN`, `PRECIO`, `ID_FORMATO`, `ID_LIBRO`, `ID_EDITORIAL`) VALUES (18, N'B014R3O1CS', 5, 3, 6, 1)
INSERT `PRODUCTO` (`ID_PRODUCTO`, `ISBN`, `PRECIO`, `ID_FORMATO`, `ID_LIBRO`, `ID_EDITORIAL`) VALUES (19, N'978-8417347000', 30, 1, 7, 1)
INSERT `PRODUCTO` (`ID_PRODUCTO`, `ISBN`, `PRECIO`, `ID_FORMATO`, `ID_LIBRO`, `ID_EDITORIAL`) VALUES (20, N'978-8413146591', 15, 2, 7, 2)
INSERT `PRODUCTO` (`ID_PRODUCTO`, `ISBN`, `PRECIO`, `ID_FORMATO`, `ID_LIBRO`, `ID_EDITORIAL`) VALUES (21, N'B07B6CLK7R', 5, 3, 7, 1)
INSERT `PRODUCTO` (`ID_PRODUCTO`, `ISBN`, `PRECIO`, `ID_FORMATO`, `ID_LIBRO`, `ID_EDITORIAL`) VALUES (22, N'978-8417347932', 30, 1, 8, 1)
INSERT `PRODUCTO` (`ID_PRODUCTO`, `ISBN`, `PRECIO`, `ID_FORMATO`, `ID_LIBRO`, `ID_EDITORIAL`) VALUES (23, N'B08C357TP1', 5, 3, 8, 1)
INSERT `PRODUCTO` (`ID_PRODUCTO`, `ISBN`, `PRECIO`, `ID_FORMATO`, `ID_LIBRO`, `ID_EDITORIAL`) VALUES (24, N'978-8417347932', 30, 1, 9, 4)
INSERT `PRODUCTO` (`ID_PRODUCTO`, `ISBN`, `PRECIO`, `ID_FORMATO`, `ID_LIBRO`, `ID_EDITORIAL`) VALUES (25, N'978-8413146591', 15, 2, 9, 4)
INSERT `PRODUCTO` (`ID_PRODUCTO`, `ISBN`, `PRECIO`, `ID_FORMATO`, `ID_LIBRO`, `ID_EDITORIAL`) VALUES (26, N'B08C357TP1', 5, 3, 9, 3)
INSERT `PRODUCTO` (`ID_PRODUCTO`, `ISBN`, `PRECIO`, `ID_FORMATO`, `ID_LIBRO`, `ID_EDITORIAL`) VALUES (27, N'978-8417347932', 30, 1, 10, 4)
INSERT `PRODUCTO` (`ID_PRODUCTO`, `ISBN`, `PRECIO`, `ID_FORMATO`, `ID_LIBRO`, `ID_EDITORIAL`) VALUES (28, N'978-8413146591', 15, 2, 10, 4)
INSERT `PRODUCTO` (`ID_PRODUCTO`, `ISBN`, `PRECIO`, `ID_FORMATO`, `ID_LIBRO`, `ID_EDITORIAL`) VALUES (29, N'B08C357TP1', 5, 3, 10, 3)
INSERT `PRODUCTO` (`ID_PRODUCTO`, `ISBN`, `PRECIO`, `ID_FORMATO`, `ID_LIBRO`, `ID_EDITORIAL`) VALUES (30, N'978-8417347932', 30, 1, 11, 4)
INSERT `PRODUCTO` (`ID_PRODUCTO`, `ISBN`, `PRECIO`, `ID_FORMATO`, `ID_LIBRO`, `ID_EDITORIAL`) VALUES (31, N'978-8413146591', 15, 2, 11, 4)
INSERT `PRODUCTO` (`ID_PRODUCTO`, `ISBN`, `PRECIO`, `ID_FORMATO`, `ID_LIBRO`, `ID_EDITORIAL`) VALUES (32, N'B08C357TP1', 5, 3, 11, 3)
INSERT `PRODUCTO` (`ID_PRODUCTO`, `ISBN`, `PRECIO`, `ID_FORMATO`, `ID_LIBRO`, `ID_EDITORIAL`) VALUES (33, N'978-8417347932', 30, 1, 12, 4)
INSERT `PRODUCTO` (`ID_PRODUCTO`, `ISBN`, `PRECIO`, `ID_FORMATO`, `ID_LIBRO`, `ID_EDITORIAL`) VALUES (34, N'978-8413146591', 15, 2, 12, 4)
INSERT `PRODUCTO` (`ID_PRODUCTO`, `ISBN`, `PRECIO`, `ID_FORMATO`, `ID_LIBRO`, `ID_EDITORIAL`) VALUES (35, N'B08C357TP1', 5, 3, 12, 3)
INSERT `PRODUCTO` (`ID_PRODUCTO`, `ISBN`, `PRECIO`, `ID_FORMATO`, `ID_LIBRO`, `ID_EDITORIAL`) VALUES (36, N'978-8417347932', 30, 1, 13, 4)
INSERT `PRODUCTO` (`ID_PRODUCTO`, `ISBN`, `PRECIO`, `ID_FORMATO`, `ID_LIBRO`, `ID_EDITORIAL`) VALUES (37, N'978-8413146591', 15, 2, 13, 4)
INSERT `PRODUCTO` (`ID_PRODUCTO`, `ISBN`, `PRECIO`, `ID_FORMATO`, `ID_LIBRO`, `ID_EDITORIAL`) VALUES (38, N'B08C357TP1', 5, 3, 13, 3)
INSERT `PRODUCTO` (`ID_PRODUCTO`, `ISBN`, `PRECIO`, `ID_FORMATO`, `ID_LIBRO`, `ID_EDITORIAL`) VALUES (39, N'978-8417347932', 30, 1, 14, 5)
INSERT `PRODUCTO` (`ID_PRODUCTO`, `ISBN`, `PRECIO`, `ID_FORMATO`, `ID_LIBRO`, `ID_EDITORIAL`) VALUES (40, N'978-8413146591', 15, 2, 14, 5)
INSERT `PRODUCTO` (`ID_PRODUCTO`, `ISBN`, `PRECIO`, `ID_FORMATO`, `ID_LIBRO`, `ID_EDITORIAL`) VALUES (41, N'B08C357TP1', 5, 3, 14, 5)
INSERT `PRODUCTO` (`ID_PRODUCTO`, `ISBN`, `PRECIO`, `ID_FORMATO`, `ID_LIBRO`, `ID_EDITORIAL`) VALUES (42, N'978-8417347932', 30, 1, 15, 5)
INSERT `PRODUCTO` (`ID_PRODUCTO`, `ISBN`, `PRECIO`, `ID_FORMATO`, `ID_LIBRO`, `ID_EDITORIAL`) VALUES (43, N'978-8413146591', 15, 2, 15, 5)
INSERT `PRODUCTO` (`ID_PRODUCTO`, `ISBN`, `PRECIO`, `ID_FORMATO`, `ID_LIBRO`, `ID_EDITORIAL`) VALUES (44, N'B08C357TP1', 5, 3, 15, 5)
INSERT `PRODUCTO` (`ID_PRODUCTO`, `ISBN`, `PRECIO`, `ID_FORMATO`, `ID_LIBRO`, `ID_EDITORIAL`) VALUES (45, N'978-8417347932', 30, 1, 16, 5)
INSERT `PRODUCTO` (`ID_PRODUCTO`, `ISBN`, `PRECIO`, `ID_FORMATO`, `ID_LIBRO`, `ID_EDITORIAL`) VALUES (46, N'978-8413146591', 15, 2, 16, 5)
INSERT `PRODUCTO` (`ID_PRODUCTO`, `ISBN`, `PRECIO`, `ID_FORMATO`, `ID_LIBRO`, `ID_EDITORIAL`) VALUES (47, N'B08C357TP1', 5, 3, 16, 5)
INSERT `PRODUCTO` (`ID_PRODUCTO`, `ISBN`, `PRECIO`, `ID_FORMATO`, `ID_LIBRO`, `ID_EDITORIAL`) VALUES (48, N'978-8417347932', 30, 1, 17, 5)
INSERT `PRODUCTO` (`ID_PRODUCTO`, `ISBN`, `PRECIO`, `ID_FORMATO`, `ID_LIBRO`, `ID_EDITORIAL`) VALUES (49, N'978-8413146591', 15, 2, 17, 5)
INSERT `PRODUCTO` (`ID_PRODUCTO`, `ISBN`, `PRECIO`, `ID_FORMATO`, `ID_LIBRO`, `ID_EDITORIAL`) VALUES (50, N'B08C357TP1', 5, 3, 17, 5)
INSERT `PRODUCTO` (`ID_PRODUCTO`, `ISBN`, `PRECIO`, `ID_FORMATO`, `ID_LIBRO`, `ID_EDITORIAL`) VALUES (51, N'978-8417347932', 30, 1, 18, 5)
INSERT `PRODUCTO` (`ID_PRODUCTO`, `ISBN`, `PRECIO`, `ID_FORMATO`, `ID_LIBRO`, `ID_EDITORIAL`) VALUES (52, N'978-8413146591', 15, 2, 18, 5)
INSERT `PRODUCTO` (`ID_PRODUCTO`, `ISBN`, `PRECIO`, `ID_FORMATO`, `ID_LIBRO`, `ID_EDITORIAL`) VALUES (53, N'B08C357TP1', 5, 3, 18, 5)
INSERT `PRODUCTO` (`ID_PRODUCTO`, `ISBN`, `PRECIO`, `ID_FORMATO`, `ID_LIBRO`, `ID_EDITORIAL`) VALUES (54, N'978-8417347932', 30, 1, 19, 6)
INSERT `PRODUCTO` (`ID_PRODUCTO`, `ISBN`, `PRECIO`, `ID_FORMATO`, `ID_LIBRO`, `ID_EDITORIAL`) VALUES (55, N'978-8413146591', 15, 2, 19, 7)
INSERT `PRODUCTO` (`ID_PRODUCTO`, `ISBN`, `PRECIO`, `ID_FORMATO`, `ID_LIBRO`, `ID_EDITORIAL`) VALUES (56, N'B08C357TP1', 5, 3, 19, 6)
INSERT `PRODUCTO` (`ID_PRODUCTO`, `ISBN`, `PRECIO`, `ID_FORMATO`, `ID_LIBRO`, `ID_EDITORIAL`) VALUES (57, N'978-8417347932', 30, 1, 20, 6)
INSERT `PRODUCTO` (`ID_PRODUCTO`, `ISBN`, `PRECIO`, `ID_FORMATO`, `ID_LIBRO`, `ID_EDITORIAL`) VALUES (58, N'978-8413146591', 15, 2, 20, 7)
INSERT `PRODUCTO` (`ID_PRODUCTO`, `ISBN`, `PRECIO`, `ID_FORMATO`, `ID_LIBRO`, `ID_EDITORIAL`) VALUES (59, N'B08C357TP1', 5, 3, 20, 6)
INSERT `PRODUCTO` (`ID_PRODUCTO`, `ISBN`, `PRECIO`, `ID_FORMATO`, `ID_LIBRO`, `ID_EDITORIAL`) VALUES (60, N'978-8417347932', 30, 1, 21, 6)
INSERT `PRODUCTO` (`ID_PRODUCTO`, `ISBN`, `PRECIO`, `ID_FORMATO`, `ID_LIBRO`, `ID_EDITORIAL`) VALUES (61, N'978-8413146591', 15, 2, 21, 7)
INSERT `PRODUCTO` (`ID_PRODUCTO`, `ISBN`, `PRECIO`, `ID_FORMATO`, `ID_LIBRO`, `ID_EDITORIAL`) VALUES (62, N'B08C357TP1', 5, 3, 21, 6)
INSERT `PRODUCTO` (`ID_PRODUCTO`, `ISBN`, `PRECIO`, `ID_FORMATO`, `ID_LIBRO`, `ID_EDITORIAL`) VALUES (63, N'978-8417347932', 30, 1, 22, 6)
INSERT `PRODUCTO` (`ID_PRODUCTO`, `ISBN`, `PRECIO`, `ID_FORMATO`, `ID_LIBRO`, `ID_EDITORIAL`) VALUES (64, N'978-8413146591', 15, 2, 22, 7)
INSERT `PRODUCTO` (`ID_PRODUCTO`, `ISBN`, `PRECIO`, `ID_FORMATO`, `ID_LIBRO`, `ID_EDITORIAL`) VALUES (65, N'B08C357TP1', 5, 3, 22, 6)
INSERT `PRODUCTO` (`ID_PRODUCTO`, `ISBN`, `PRECIO`, `ID_FORMATO`, `ID_LIBRO`, `ID_EDITORIAL`) VALUES (66, N'978-8417347932', 30, 1, 23, 6)
INSERT `PRODUCTO` (`ID_PRODUCTO`, `ISBN`, `PRECIO`, `ID_FORMATO`, `ID_LIBRO`, `ID_EDITORIAL`) VALUES (67, N'978-8413146591', 15, 2, 23, 7)
INSERT `PRODUCTO` (`ID_PRODUCTO`, `ISBN`, `PRECIO`, `ID_FORMATO`, `ID_LIBRO`, `ID_EDITORIAL`) VALUES (68, N'B08C357TP1', 5, 3, 23, 6)
INSERT `PRODUCTO` (`ID_PRODUCTO`, `ISBN`, `PRECIO`, `ID_FORMATO`, `ID_LIBRO`, `ID_EDITORIAL`) VALUES (69, N'978-8417347932', 30, 1, 24, 9)
INSERT `PRODUCTO` (`ID_PRODUCTO`, `ISBN`, `PRECIO`, `ID_FORMATO`, `ID_LIBRO`, `ID_EDITORIAL`) VALUES (70, N'978-8413146591', 15, 2, 24, 8)
INSERT `PRODUCTO` (`ID_PRODUCTO`, `ISBN`, `PRECIO`, `ID_FORMATO`, `ID_LIBRO`, `ID_EDITORIAL`) VALUES (71, N'B08C357TP1', 5, 3, 24, 8)
INSERT `PRODUCTO` (`ID_PRODUCTO`, `ISBN`, `PRECIO`, `ID_FORMATO`, `ID_LIBRO`, `ID_EDITORIAL`) VALUES (72, N'978-8417347932', 30, 1, 25, 9)
INSERT `PRODUCTO` (`ID_PRODUCTO`, `ISBN`, `PRECIO`, `ID_FORMATO`, `ID_LIBRO`, `ID_EDITORIAL`) VALUES (73, N'978-8413146591', 15, 2, 25, 8)
INSERT `PRODUCTO` (`ID_PRODUCTO`, `ISBN`, `PRECIO`, `ID_FORMATO`, `ID_LIBRO`, `ID_EDITORIAL`) VALUES (74, N'B08C357TP1', 5, 3, 25, 8)
INSERT `PRODUCTO` (`ID_PRODUCTO`, `ISBN`, `PRECIO`, `ID_FORMATO`, `ID_LIBRO`, `ID_EDITORIAL`) VALUES (75, N'978-8417347932', 30, 1, 26, 9)
INSERT `PRODUCTO` (`ID_PRODUCTO`, `ISBN`, `PRECIO`, `ID_FORMATO`, `ID_LIBRO`, `ID_EDITORIAL`) VALUES (76, N'978-8413146591', 15, 2, 26, 8)
INSERT `PRODUCTO` (`ID_PRODUCTO`, `ISBN`, `PRECIO`, `ID_FORMATO`, `ID_LIBRO`, `ID_EDITORIAL`) VALUES (77, N'B08C357TP1', 5, 3, 26, 8)
INSERT `PRODUCTO` (`ID_PRODUCTO`, `ISBN`, `PRECIO`, `ID_FORMATO`, `ID_LIBRO`, `ID_EDITORIAL`) VALUES (78, N'978-8417347932', 30, 1, 27, 9)
INSERT `PRODUCTO` (`ID_PRODUCTO`, `ISBN`, `PRECIO`, `ID_FORMATO`, `ID_LIBRO`, `ID_EDITORIAL`) VALUES (79, N'978-8413146591', 15, 2, 27, 8)
INSERT `PRODUCTO` (`ID_PRODUCTO`, `ISBN`, `PRECIO`, `ID_FORMATO`, `ID_LIBRO`, `ID_EDITORIAL`) VALUES (80, N'B08C357TP1', 5, 3, 27, 8)
INSERT `PRODUCTO` (`ID_PRODUCTO`, `ISBN`, `PRECIO`, `ID_FORMATO`, `ID_LIBRO`, `ID_EDITORIAL`) VALUES (81, N'978-8417347932', 30, 1, 28, 9)
INSERT `PRODUCTO` (`ID_PRODUCTO`, `ISBN`, `PRECIO`, `ID_FORMATO`, `ID_LIBRO`, `ID_EDITORIAL`) VALUES (82, N'978-8413146591', 15, 2, 28, 8)
INSERT `PRODUCTO` (`ID_PRODUCTO`, `ISBN`, `PRECIO`, `ID_FORMATO`, `ID_LIBRO`, `ID_EDITORIAL`) VALUES (83, N'B08C357TP1', 5, 3, 28, 8)
INSERT `PRODUCTO` (`ID_PRODUCTO`, `ISBN`, `PRECIO`, `ID_FORMATO`, `ID_LIBRO`, `ID_EDITORIAL`) VALUES (84, N'978-8417347932', 30, 1, 29, 10)
INSERT `PRODUCTO` (`ID_PRODUCTO`, `ISBN`, `PRECIO`, `ID_FORMATO`, `ID_LIBRO`, `ID_EDITORIAL`) VALUES (85, N'978-8413146591', 15, 2, 29, 10)
INSERT `PRODUCTO` (`ID_PRODUCTO`, `ISBN`, `PRECIO`, `ID_FORMATO`, `ID_LIBRO`, `ID_EDITORIAL`) VALUES (86, N'B08C357TP1', 5, 3, 29, 10)
INSERT `PRODUCTO` (`ID_PRODUCTO`, `ISBN`, `PRECIO`, `ID_FORMATO`, `ID_LIBRO`, `ID_EDITORIAL`) VALUES (87, N'978-8417347932', 30, 1, 30, 10)
INSERT `PRODUCTO` (`ID_PRODUCTO`, `ISBN`, `PRECIO`, `ID_FORMATO`, `ID_LIBRO`, `ID_EDITORIAL`) VALUES (88, N'978-8413146591', 15, 2, 30, 10)
INSERT `PRODUCTO` (`ID_PRODUCTO`, `ISBN`, `PRECIO`, `ID_FORMATO`, `ID_LIBRO`, `ID_EDITORIAL`) VALUES (89, N'B08C357TP1', 5, 3, 30, 10)
INSERT `PRODUCTO` (`ID_PRODUCTO`, `ISBN`, `PRECIO`, `ID_FORMATO`, `ID_LIBRO`, `ID_EDITORIAL`) VALUES (90, N'978-8417347932', 30, 1, 31, 10)
INSERT `PRODUCTO` (`ID_PRODUCTO`, `ISBN`, `PRECIO`, `ID_FORMATO`, `ID_LIBRO`, `ID_EDITORIAL`) VALUES (91, N'978-8413146591', 15, 2, 31, 10)
INSERT `PRODUCTO` (`ID_PRODUCTO`, `ISBN`, `PRECIO`, `ID_FORMATO`, `ID_LIBRO`, `ID_EDITORIAL`) VALUES (92, N'B08C357TP1', 5, 3, 31, 10)
INSERT `PRODUCTO` (`ID_PRODUCTO`, `ISBN`, `PRECIO`, `ID_FORMATO`, `ID_LIBRO`, `ID_EDITORIAL`) VALUES (93, N'978-8417347932', 30, 1, 32, 10)
INSERT `PRODUCTO` (`ID_PRODUCTO`, `ISBN`, `PRECIO`, `ID_FORMATO`, `ID_LIBRO`, `ID_EDITORIAL`) VALUES (94, N'978-8413146591', 15, 2, 32, 10)
INSERT `PRODUCTO` (`ID_PRODUCTO`, `ISBN`, `PRECIO`, `ID_FORMATO`, `ID_LIBRO`, `ID_EDITORIAL`) VALUES (95, N'B08C357TP1', 5, 3, 32, 10)
INSERT `PRODUCTO` (`ID_PRODUCTO`, `ISBN`, `PRECIO`, `ID_FORMATO`, `ID_LIBRO`, `ID_EDITORIAL`) VALUES (96, N'978-8417347932', 30, 1, 33, 10)
INSERT `PRODUCTO` (`ID_PRODUCTO`, `ISBN`, `PRECIO`, `ID_FORMATO`, `ID_LIBRO`, `ID_EDITORIAL`) VALUES (97, N'978-8413146591', 15, 2, 33, 10)
INSERT `PRODUCTO` (`ID_PRODUCTO`, `ISBN`, `PRECIO`, `ID_FORMATO`, `ID_LIBRO`, `ID_EDITORIAL`) VALUES (98, N'B08C357TP1', 5, 3, 33, 10)
INSERT `PRODUCTO` (`ID_PRODUCTO`, `ISBN`, `PRECIO`, `ID_FORMATO`, `ID_LIBRO`, `ID_EDITORIAL`) VALUES (99, N'978-8417347932', 30, 1, 34, 11)
INSERT `PRODUCTO` (`ID_PRODUCTO`, `ISBN`, `PRECIO`, `ID_FORMATO`, `ID_LIBRO`, `ID_EDITORIAL`) VALUES (100, N'978-8413146591', 15, 2, 34, 11)

INSERT `PRODUCTO` (`ID_PRODUCTO`, `ISBN`, `PRECIO`, `ID_FORMATO`, `ID_LIBRO`, `ID_EDITORIAL`) VALUES (101, N'B08C357TP1', 5, 3, 34, 11)
INSERT `PRODUCTO` (`ID_PRODUCTO`, `ISBN`, `PRECIO`, `ID_FORMATO`, `ID_LIBRO`, `ID_EDITORIAL`) VALUES (102, N'978-8417347932', 30, 1, 35, 11)
INSERT `PRODUCTO` (`ID_PRODUCTO`, `ISBN`, `PRECIO`, `ID_FORMATO`, `ID_LIBRO`, `ID_EDITORIAL`) VALUES (103, N'978-8413146591', 15, 2, 35, 11)
INSERT `PRODUCTO` (`ID_PRODUCTO`, `ISBN`, `PRECIO`, `ID_FORMATO`, `ID_LIBRO`, `ID_EDITORIAL`) VALUES (104, N'B08C357TP1', 5, 3, 35, 11)
INSERT `PRODUCTO` (`ID_PRODUCTO`, `ISBN`, `PRECIO`, `ID_FORMATO`, `ID_LIBRO`, `ID_EDITORIAL`) VALUES (105, N'978-8417347932', 30, 1, 36, 11)
INSERT `PRODUCTO` (`ID_PRODUCTO`, `ISBN`, `PRECIO`, `ID_FORMATO`, `ID_LIBRO`, `ID_EDITORIAL`) VALUES (106, N'978-8413146591', 15, 2, 36, 11)
INSERT `PRODUCTO` (`ID_PRODUCTO`, `ISBN`, `PRECIO`, `ID_FORMATO`, `ID_LIBRO`, `ID_EDITORIAL`) VALUES (107, N'B08C357TP1', 5, 3, 36, 11)
INSERT `PRODUCTO` (`ID_PRODUCTO`, `ISBN`, `PRECIO`, `ID_FORMATO`, `ID_LIBRO`, `ID_EDITORIAL`) VALUES (108, N'978-8417347932', 30, 1, 37, 11)
INSERT `PRODUCTO` (`ID_PRODUCTO`, `ISBN`, `PRECIO`, `ID_FORMATO`, `ID_LIBRO`, `ID_EDITORIAL`) VALUES (109, N'978-8413146591', 15, 2, 37, 11)
INSERT `PRODUCTO` (`ID_PRODUCTO`, `ISBN`, `PRECIO`, `ID_FORMATO`, `ID_LIBRO`, `ID_EDITORIAL`) VALUES (110, N'B08C357TP1', 5, 3, 37, 11)
INSERT `PRODUCTO` (`ID_PRODUCTO`, `ISBN`, `PRECIO`, `ID_FORMATO`, `ID_LIBRO`, `ID_EDITORIAL`) VALUES (111, N'978-8417347932', 30, 1, 38, 11)
INSERT `PRODUCTO` (`ID_PRODUCTO`, `ISBN`, `PRECIO`, `ID_FORMATO`, `ID_LIBRO`, `ID_EDITORIAL`) VALUES (112, N'978-8413146591', 15, 2, 38, 11)
INSERT `PRODUCTO` (`ID_PRODUCTO`, `ISBN`, `PRECIO`, `ID_FORMATO`, `ID_LIBRO`, `ID_EDITORIAL`) VALUES (113, N'B08C357TP1', 5, 3, 38, 11)
INSERT `PRODUCTO` (`ID_PRODUCTO`, `ISBN`, `PRECIO`, `ID_FORMATO`, `ID_LIBRO`, `ID_EDITORIAL`) VALUES (114, N'978-8417347932', 30, 1, 39, 12)
INSERT `PRODUCTO` (`ID_PRODUCTO`, `ISBN`, `PRECIO`, `ID_FORMATO`, `ID_LIBRO`, `ID_EDITORIAL`) VALUES (115, N'978-8413146591', 15, 2, 39, 12)
INSERT `PRODUCTO` (`ID_PRODUCTO`, `ISBN`, `PRECIO`, `ID_FORMATO`, `ID_LIBRO`, `ID_EDITORIAL`) VALUES (116, N'B08C357TP1', 5, 3, 39, 12)
INSERT `PRODUCTO` (`ID_PRODUCTO`, `ISBN`, `PRECIO`, `ID_FORMATO`, `ID_LIBRO`, `ID_EDITORIAL`) VALUES (117, N'978-8417347932', 30, 1, 40, 12)
INSERT `PRODUCTO` (`ID_PRODUCTO`, `ISBN`, `PRECIO`, `ID_FORMATO`, `ID_LIBRO`, `ID_EDITORIAL`) VALUES (118, N'978-8413146591', 15, 2, 40, 12)
INSERT `PRODUCTO` (`ID_PRODUCTO`, `ISBN`, `PRECIO`, `ID_FORMATO`, `ID_LIBRO`, `ID_EDITORIAL`) VALUES (119, N'B08C357TP1', 5, 3, 40, 12)
INSERT `PRODUCTO` (`ID_PRODUCTO`, `ISBN`, `PRECIO`, `ID_FORMATO`, `ID_LIBRO`, `ID_EDITORIAL`) VALUES (120, N'978-8417347932', 30, 1, 41, 12)
INSERT `PRODUCTO` (`ID_PRODUCTO`, `ISBN`, `PRECIO`, `ID_FORMATO`, `ID_LIBRO`, `ID_EDITORIAL`) VALUES (121, N'978-8413146591', 15, 2, 41, 12)
INSERT `PRODUCTO` (`ID_PRODUCTO`, `ISBN`, `PRECIO`, `ID_FORMATO`, `ID_LIBRO`, `ID_EDITORIAL`) VALUES (122, N'B08C357TP1', 5, 3, 41, 12)
INSERT `PRODUCTO` (`ID_PRODUCTO`, `ISBN`, `PRECIO`, `ID_FORMATO`, `ID_LIBRO`, `ID_EDITORIAL`) VALUES (123, N'978-8417347932', 30, 1, 42, 12)
INSERT `PRODUCTO` (`ID_PRODUCTO`, `ISBN`, `PRECIO`, `ID_FORMATO`, `ID_LIBRO`, `ID_EDITORIAL`) VALUES (124, N'978-8413146591', 15, 2, 42, 12)
INSERT `PRODUCTO` (`ID_PRODUCTO`, `ISBN`, `PRECIO`, `ID_FORMATO`, `ID_LIBRO`, `ID_EDITORIAL`) VALUES (125, N'B08C357TP1', 5, 3, 42, 12)
INSERT `PRODUCTO` (`ID_PRODUCTO`, `ISBN`, `PRECIO`, `ID_FORMATO`, `ID_LIBRO`, `ID_EDITORIAL`) VALUES (126, N'978-8417347932', 30, 1, 43, 12)
INSERT `PRODUCTO` (`ID_PRODUCTO`, `ISBN`, `PRECIO`, `ID_FORMATO`, `ID_LIBRO`, `ID_EDITORIAL`) VALUES (127, N'978-8413146591', 15, 2, 43, 12)
INSERT `PRODUCTO` (`ID_PRODUCTO`, `ISBN`, `PRECIO`, `ID_FORMATO`, `ID_LIBRO`, `ID_EDITORIAL`) VALUES (128, N'B08C357TP1', 5, 3, 43, 12)
INSERT `PRODUCTO` (`ID_PRODUCTO`, `ISBN`, `PRECIO`, `ID_FORMATO`, `ID_LIBRO`, `ID_EDITORIAL`) VALUES (129, N'978-8417347932', 30, 1, 44, 13)
INSERT `PRODUCTO` (`ID_PRODUCTO`, `ISBN`, `PRECIO`, `ID_FORMATO`, `ID_LIBRO`, `ID_EDITORIAL`) VALUES (130, N'978-8413146591', 15, 2, 44, 13)
INSERT `PRODUCTO` (`ID_PRODUCTO`, `ISBN`, `PRECIO`, `ID_FORMATO`, `ID_LIBRO`, `ID_EDITORIAL`) VALUES (131, N'B08C357TP1', 5, 3, 44, 13)
INSERT `PRODUCTO` (`ID_PRODUCTO`, `ISBN`, `PRECIO`, `ID_FORMATO`, `ID_LIBRO`, `ID_EDITORIAL`) VALUES (132, N'978-8417347932', 30, 1, 45, 13)
INSERT `PRODUCTO` (`ID_PRODUCTO`, `ISBN`, `PRECIO`, `ID_FORMATO`, `ID_LIBRO`, `ID_EDITORIAL`) VALUES (133, N'978-8413146591', 15, 2, 45, 13)
INSERT `PRODUCTO` (`ID_PRODUCTO`, `ISBN`, `PRECIO`, `ID_FORMATO`, `ID_LIBRO`, `ID_EDITORIAL`) VALUES (134, N'B08C357TP1', 5, 3, 45, 13)
INSERT `PRODUCTO` (`ID_PRODUCTO`, `ISBN`, `PRECIO`, `ID_FORMATO`, `ID_LIBRO`, `ID_EDITORIAL`) VALUES (135, N'978-8417347932', 30, 1, 46, 13)
INSERT `PRODUCTO` (`ID_PRODUCTO`, `ISBN`, `PRECIO`, `ID_FORMATO`, `ID_LIBRO`, `ID_EDITORIAL`) VALUES (136, N'978-8413146591', 15, 2, 46, 13)
INSERT `PRODUCTO` (`ID_PRODUCTO`, `ISBN`, `PRECIO`, `ID_FORMATO`, `ID_LIBRO`, `ID_EDITORIAL`) VALUES (137, N'B08C357TP1', 5, 3, 46, 13)
INSERT `PRODUCTO` (`ID_PRODUCTO`, `ISBN`, `PRECIO`, `ID_FORMATO`, `ID_LIBRO`, `ID_EDITORIAL`) VALUES (138, N'978-8417347932', 30, 1, 47, 13)
INSERT `PRODUCTO` (`ID_PRODUCTO`, `ISBN`, `PRECIO`, `ID_FORMATO`, `ID_LIBRO`, `ID_EDITORIAL`) VALUES (139, N'978-8413146591', 15, 2, 47, 13)
INSERT `PRODUCTO` (`ID_PRODUCTO`, `ISBN`, `PRECIO`, `ID_FORMATO`, `ID_LIBRO`, `ID_EDITORIAL`) VALUES (140, N'B08C357TP1', 5, 3, 47, 13)
INSERT `PRODUCTO` (`ID_PRODUCTO`, `ISBN`, `PRECIO`, `ID_FORMATO`, `ID_LIBRO`, `ID_EDITORIAL`) VALUES (141, N'978-8417347932', 30, 1, 48, 13)
INSERT `PRODUCTO` (`ID_PRODUCTO`, `ISBN`, `PRECIO`, `ID_FORMATO`, `ID_LIBRO`, `ID_EDITORIAL`) VALUES (142, N'978-8413146591', 15, 2, 48, 13)
INSERT `PRODUCTO` (`ID_PRODUCTO`, `ISBN`, `PRECIO`, `ID_FORMATO`, `ID_LIBRO`, `ID_EDITORIAL`) VALUES (143, N'B08C357TP1', 5, 3, 48, 13)
INSERT `PRODUCTO` (`ID_PRODUCTO`, `ISBN`, `PRECIO`, `ID_FORMATO`, `ID_LIBRO`, `ID_EDITORIAL`) VALUES (144, N'978-8417347932', 30, 1, 49, 14)
INSERT `PRODUCTO` (`ID_PRODUCTO`, `ISBN`, `PRECIO`, `ID_FORMATO`, `ID_LIBRO`, `ID_EDITORIAL`) VALUES (145, N'978-8413146591', 15, 2, 49, 14)
INSERT `PRODUCTO` (`ID_PRODUCTO`, `ISBN`, `PRECIO`, `ID_FORMATO`, `ID_LIBRO`, `ID_EDITORIAL`) VALUES (146, N'B08C357TP1', 5, 3, 49, 14)
INSERT `PRODUCTO` (`ID_PRODUCTO`, `ISBN`, `PRECIO`, `ID_FORMATO`, `ID_LIBRO`, `ID_EDITORIAL`) VALUES (147, N'978-8417347932', 30, 1, 50, 14)
INSERT `PRODUCTO` (`ID_PRODUCTO`, `ISBN`, `PRECIO`, `ID_FORMATO`, `ID_LIBRO`, `ID_EDITORIAL`) VALUES (148, N'978-8413146591', 15, 2, 50, 14)
INSERT `PRODUCTO` (`ID_PRODUCTO`, `ISBN`, `PRECIO`, `ID_FORMATO`, `ID_LIBRO`, `ID_EDITORIAL`) VALUES (149, N'B08C357TP1', 5, 3, 50, 14)
INSERT `PRODUCTO` (`ID_PRODUCTO`, `ISBN`, `PRECIO`, `ID_FORMATO`, `ID_LIBRO`, `ID_EDITORIAL`) VALUES (150, N'978-8417347932', 30, 1, 51, 14)
INSERT `PRODUCTO` (`ID_PRODUCTO`, `ISBN`, `PRECIO`, `ID_FORMATO`, `ID_LIBRO`, `ID_EDITORIAL`) VALUES (151, N'978-8413146591', 15, 2, 51, 14)
INSERT `PRODUCTO` (`ID_PRODUCTO`, `ISBN`, `PRECIO`, `ID_FORMATO`, `ID_LIBRO`, `ID_EDITORIAL`) VALUES (152, N'B08C357TP1', 5, 3, 51, 14)
INSERT `PRODUCTO` (`ID_PRODUCTO`, `ISBN`, `PRECIO`, `ID_FORMATO`, `ID_LIBRO`, `ID_EDITORIAL`) VALUES (153, N'978-8417347932', 30, 1, 52, 14)
INSERT `PRODUCTO` (`ID_PRODUCTO`, `ISBN`, `PRECIO`, `ID_FORMATO`, `ID_LIBRO`, `ID_EDITORIAL`) VALUES (154, N'978-8413146591', 15, 2, 52, 14)
INSERT `PRODUCTO` (`ID_PRODUCTO`, `ISBN`, `PRECIO`, `ID_FORMATO`, `ID_LIBRO`, `ID_EDITORIAL`) VALUES (155, N'B08C357TP1', 5, 3, 52, 14)
INSERT `PRODUCTO` (`ID_PRODUCTO`, `ISBN`, `PRECIO`, `ID_FORMATO`, `ID_LIBRO`, `ID_EDITORIAL`) VALUES (156, N'978-8417347932', 30, 1, 53, 14)
INSERT `PRODUCTO` (`ID_PRODUCTO`, `ISBN`, `PRECIO`, `ID_FORMATO`, `ID_LIBRO`, `ID_EDITORIAL`) VALUES (157, N'978-8413146591', 15, 2, 53, 14)
INSERT `PRODUCTO` (`ID_PRODUCTO`, `ISBN`, `PRECIO`, `ID_FORMATO`, `ID_LIBRO`, `ID_EDITORIAL`) VALUES (158, N'B08C357TP1', 5, 3, 53, 14)
INSERT `PRODUCTO` (`ID_PRODUCTO`, `ISBN`, `PRECIO`, `ID_FORMATO`, `ID_LIBRO`, `ID_EDITORIAL`) VALUES (159, N'978-8466354028', 30, 1, 54, 5)
INSERT `PRODUCTO` (`ID_PRODUCTO`, `ISBN`, `PRECIO`, `ID_FORMATO`, `ID_LIBRO`, `ID_EDITORIAL`) VALUES (160, N'978-8401337208', 15, 2, 54, 6)
INSERT `PRODUCTO` (`ID_PRODUCTO`, `ISBN`, `PRECIO`, `ID_FORMATO`, `ID_LIBRO`, `ID_EDITORIAL`) VALUES (161, N'B006BD4C2W', 5, 3, 54, 6)
INSERT `PRODUCTO` (`ID_PRODUCTO`, `ISBN`, `PRECIO`, `ID_FORMATO`, `ID_LIBRO`, `ID_EDITORIAL`) VALUES (162, N'978-8401352331', 30, 1, 55, 6)
INSERT `PRODUCTO` (`ID_PRODUCTO`, `ISBN`, `PRECIO`, `ID_FORMATO`, `ID_LIBRO`, `ID_EDITORIAL`) VALUES (163, N'978-8401339639', 15, 2, 55, 6)
INSERT `PRODUCTO` (`ID_PRODUCTO`, `ISBN`, `PRECIO`, `ID_FORMATO`, `ID_LIBRO`, `ID_EDITORIAL`) VALUES (164, N'B006BD49ZC', 5, 3, 55, 6)
INSERT `PRODUCTO` (`ID_PRODUCTO`, `ISBN`, `PRECIO`, `ID_FORMATO`, `ID_LIBRO`, `ID_EDITORIAL`) VALUES (165, N'978-8445007006', 15, 2, 56, 15)
INSERT `PRODUCTO` (`ID_PRODUCTO`, `ISBN`, `PRECIO`, `ID_FORMATO`, `ID_LIBRO`, `ID_EDITORIAL`) VALUES (166, N'B07Z6SCP7Y', 5, 3, 56, 16)
INSERT `PRODUCTO` (`ID_PRODUCTO`, `ISBN`, `PRECIO`, `ID_FORMATO`, `ID_LIBRO`, `ID_EDITORIAL`) VALUES (167, N'978-8445007013', 15, 2, 57, 15)
INSERT `PRODUCTO` (`ID_PRODUCTO`, `ISBN`, `PRECIO`, `ID_FORMATO`, `ID_LIBRO`, `ID_EDITORIAL`) VALUES (168, N'B07Z29DYG1', 5, 3, 57, 16)
INSERT `PRODUCTO` (`ID_PRODUCTO`, `ISBN`, `PRECIO`, `ID_FORMATO`, `ID_LIBRO`, `ID_EDITORIAL`) VALUES (169, N'978-8445007020', 15, 2, 58, 15)
INSERT `PRODUCTO` (`ID_PRODUCTO`, `ISBN`, `PRECIO`, `ID_FORMATO`, `ID_LIBRO`, `ID_EDITORIAL`) VALUES (170, N'B082P8J6TS', 5, 3, 58, 16)
INSERT `PRODUCTO` (`ID_PRODUCTO`, `ISBN`, `PRECIO`, `ID_FORMATO`, `ID_LIBRO`, `ID_EDITORIAL`) VALUES (171, N'978-8445007037', 15, 2, 59, 15)
INSERT `PRODUCTO` (`ID_PRODUCTO`, `ISBN`, `PRECIO`, `ID_FORMATO`, `ID_LIBRO`, `ID_EDITORIAL`) VALUES (172, N'B0851TJLM5', 5, 3, 59, 16)
INSERT `PRODUCTO` (`ID_PRODUCTO`, `ISBN`, `PRECIO`, `ID_FORMATO`, `ID_LIBRO`, `ID_EDITORIAL`) VALUES (173, N'978-8445007044', 15, 2, 60, 15)
INSERT `PRODUCTO` (`ID_PRODUCTO`, `ISBN`, `PRECIO`, `ID_FORMATO`, `ID_LIBRO`, `ID_EDITORIAL`) VALUES (174, N'B086VTHYSG', 5, 3, 60, 16)
INSERT `PRODUCTO` (`ID_PRODUCTO`, `ISBN`, `PRECIO`, `ID_FORMATO`, `ID_LIBRO`, `ID_EDITORIAL`) VALUES (175, N'978-8445007068', 15, 2, 61, 15)
INSERT `PRODUCTO` (`ID_PRODUCTO`, `ISBN`, `PRECIO`, `ID_FORMATO`, `ID_LIBRO`, `ID_EDITORIAL`) VALUES (176, N'B0087SO40Y', 5, 3, 61, 16)
INSERT `PRODUCTO` (`ID_PRODUCTO`, `ISBN`, `PRECIO`, `ID_FORMATO`, `ID_LIBRO`, `ID_EDITORIAL`) VALUES (177, N'978-8445007068', 15, 2, 62, 16)
INSERT `PRODUCTO` (`ID_PRODUCTO`, `ISBN`, `PRECIO`, `ID_FORMATO`, `ID_LIBRO`, `ID_EDITORIAL`) VALUES (178, N'B0087SO40Y', 5, 3, 62, 16)
INSERT `PRODUCTO` (`ID_PRODUCTO`, `ISBN`, `PRECIO`, `ID_FORMATO`, `ID_LIBRO`, `ID_EDITORIAL`) VALUES (179, N'978-8445007075', 15, 2, 63, 16)
INSERT `PRODUCTO` (`ID_PRODUCTO`, `ISBN`, `PRECIO`, `ID_FORMATO`, `ID_LIBRO`, `ID_EDITORIAL`) VALUES (180, N'B0080K3PA4', 5, 3, 63, 16)

INSERT `ROL` (`ID_ROL`, `NOMBRE`, `DESCRIPCION`) VALUES (1, N'Admin                                                                                                                                                                                                                                                          ', N'Administrador con todos los pribilegios.                                                                                                                                                                                                                       ')
INSERT `ROL` (`ID_ROL`, `NOMBRE`, `DESCRIPCION`) VALUES (2, N'Cliente                                                                                                                                                                                                                                                        ', N'Cliente común.                                                                                                                                                                                                                                                 ')

INSERT `SAGA` (`ID_SAGA`, `NOMBRE`, `DESCRIPCION`) VALUES (1, N'Nacidos de la bruma', N'Nacidos de la bruma es una saga de literatura fantástica escrita por el autor estadounidense Brandon Sanderson. Ambientada en un mundo llamado Scadrial, la saga combina elementos de la alta fantasía, la intriga política y la magia única del sistema de alomancia.')
INSERT `SAGA` (`ID_SAGA`, `NOMBRE`, `DESCRIPCION`) VALUES (2, N'El archivo de las tormentas', N'El archivo de las tormentas es una saga de literatura fantástica épica escrita por Brandon Sanderson. La historia se desarrolla en el desolado mundo de Roshar, donde una tormenta sin fin azota la tierra y la sociedad se divide en diferentes naciones que luchan por la supervivencia. La saga sigue a un grupo de personajes conocidos como los Caballeros Radiantes mientras intentan descubrir los secretos del pasado de Roshar y restaurar la paz en el mundo.')
INSERT `SAGA` (`ID_SAGA`, `NOMBRE`, `DESCRIPCION`) VALUES (3, N'Harry Potter', N'Harry Potter es una serie de siete novelas fantásticas escritas por la autora británica J.K. Rowling. La historia gira en torno a Harry Potter, un joven huérfano que descubre que es un ma en su undécimo cumpleaños.')
INSERT `SAGA` (`ID_SAGA`, `NOMBRE`, `DESCRIPCION`) VALUES (4, N'Crónica del Asesino de Reyes', N'En ella se narra la vida de Kvothe, aventurero, arcanista y músico famoso. La trama está dividida en dos tiempos diferentes: el presente, en el que Kvothe le cuenta su historia a Devan Lochees, y el pasado, en el que se desarrolla la mayor parte de la historia.')
INSERT `SAGA` (`ID_SAGA`, `NOMBRE`, `DESCRIPCION`) VALUES (5, N'La Rueda del Tiempo', N'La Rueda del Tiempo es una saga de fantasía épica compuesta por 14 libros, escrita por el autor estadounidense Robert Jordan y completada tras su fallecimiento por Brandon Sanderson. La historia se desarrolla en un mundo extenso y complejo, donde la magia, llamada el Poder Único, está presente en diferentes grados en hombres y mujeres. La Rueda del Tiempo, una fuerza cíclica que rige el destino del mundo, gira sin cesar, tejiendo la historia y trayendo consi diferentes eras.')

INSERT `USUARIO` (`ID_USUARIO`, `NOMBRE`, `APELLIDO`, `EMAIL`, `PASSWORD`, `IMAGEN`, `PASS`, `SALT`, `TOKEN`, `ID_ROL`, `ID_ESTADO`) VALUES (1, N'Administrador', N'Admin', N'admin@example.com', N'admin', N'usuario.png', 0x027CFDC8D14AEBEA06C9CCEEBC201C0524A2A2AA325550E56D3CF8CE0B1DF48323866468B7AF1261120981EA3AC41BE0B4F1453CCC98833309D3F9FAAFF31220, N'£!¢h_-¥î	:òð¦øìá¤-¤LÂò!Ù³çø', N'', 1, 1)
INSERT `USUARIO` (`ID_USUARIO`, `NOMBRE`, `APELLIDO`, `EMAIL`, `PASSWORD`, `IMAGEN`, `PASS`, `SALT`, `TOKEN`, `ID_ROL`, `ID_ESTADO`) VALUES (2, N'Juan', N'Pérez', N'juan.perez@example.com', N'juan', N'usuario.png', 0xA97CF9DCE67F2C118CDBDD549A6F1060875B3A86EE1DCC41CD0B9036B3E56569D771A8545D4887E428705DB6C0E67023DDB9BCFD5EDBBAB963628F953AD76FE3, N'GD.ªú~¨ü´<@!Cýh8X#ãZª	¤Æ;Ò¾é¦', N'', 2, 1)
INSERT `USUARIO` (`ID_USUARIO`, `NOMBRE`, `APELLIDO`, `EMAIL`, `PASSWORD`, `IMAGEN`, `PASS`, `SALT`, `TOKEN`, `ID_ROL`, `ID_ESTADO`) VALUES (3, N'María', N'Gómez', N'maria.mez@example.com', N'maria', N'usuario.png', 0xD1C2B3C22CE9FC7D8CF589D74667A458A3BDD6233C0BF3816A057DF22B8A2541F97032AE13417694B8B8BCD4930E81B4B9EFDF08E7E7F5493B1DF8C42DE51D39, N'Lþh¿Æ<c»©õ0ïrK
§#ß÷8ÆMA', N'', 2, 1)
INSERT `USUARIO` (`ID_USUARIO`, `NOMBRE`, `APELLIDO`, `EMAIL`, `PASSWORD`, `IMAGEN`, `PASS`, `SALT`, `TOKEN`, `ID_ROL`, `ID_ESTADO`) VALUES (4, N'Pedro', N'López', N'pedro.lopez@example.com', N'pedro', N'usuario.png', 0xA539074DBDF14F3A5BD87F48A981DDD782A578B0A4CFE80AD7CF1338B3892A409207380DAF7C3AF5E4C96FC6FFCE55E068325F79719936F209C008BA0F1BFCBB, N'^	bHÃõÅ+7^»·{®XFB)oÈÆÔïGrþ', N'', 2, 1)
INSERT `USUARIO` (`ID_USUARIO`, `NOMBRE`, `APELLIDO`, `EMAIL`, `PASSWORD`, `IMAGEN`, `PASS`, `SALT`, `TOKEN`, `ID_ROL`, `ID_ESTADO`) VALUES (5, N'asd', N'asd', N'hectormauricio.almaraz@tajamar365.com', N'asd', N'usuario.png', 0x1F4912135012F9D294950DFA268937FAD4EDAF0ECA74B6015D5C647F40522298079F169CD6D9C78547C8627369780D739A2E8AF1655F9E81928D6F70ED7C4512, N'M_ÞBQ­23­«ÛL×vÔÍGõ;ÛéÖjª#¯$u,', N'', 2, 1)
INSERT `USUARIO` (`ID_USUARIO`, `NOMBRE`, `APELLIDO`, `EMAIL`, `PASSWORD`, `IMAGEN`, `PASS`, `SALT`, `TOKEN`, `ID_ROL`, `ID_ESTADO`) VALUES (6, N'Mauricio', N'Almaraz', N'asd@gmail.com', N'asd', N'mewing.png', 0x239CFD42CAA059252E3C7B12BC5252585089B860C3AB3775F0D72FBE516E86BDCD2E7BE15BDA5BFBD13F60DBD6DF684C821EBA5FC7D4C34C35702DC32125E54B, N'nù¥,@½1i aíNÅ}}b$ßOoí·ùkÖ¢ô°', N'', 2, 1)

-- Foreign Keys
-- GENEROS_LIBROS table constraints
ALTER TABLE `GENEROS_LIBROS`
  ADD CONSTRAINT `FK_GENEROS_LIBROS_CATEGORIA` FOREIGN KEY (`ID_GENERO`) REFERENCES `GENERO` (`ID_GENERO`),
  ADD CONSTRAINT `FK_GENEROS_LIBROS_LIBRO` FOREIGN KEY (`ID_LIBRO`) REFERENCES `LIBRO` (`ID_LIBRO`);

-- INFORMACION_COMPRA table constraints
ALTER TABLE `INFORMACION_COMPRA`
  ADD CONSTRAINT `FK_PAGO_METODO_PAGO` FOREIGN KEY (`ID_METODO_PAGO`) REFERENCES `METODO_PAGO` (`ID_METODO_PAGO`),
  ADD CONSTRAINT `FK_PAGO_USUARIO` FOREIGN KEY (`ID_USUARIO`) REFERENCES `USUARIO` (`ID_USUARIO`);

-- LIBRO table constraints
ALTER TABLE `LIBRO`
  ADD CONSTRAINT `FK_LIBRO_AUTOR` FOREIGN KEY (`ID_AUTOR`) REFERENCES `AUTOR` (`ID_AUTOR`),
  ADD CONSTRAINT `FK_LIBRO_GENEROS` FOREIGN KEY (`ID_CATEGORIA`) REFERENCES `CATEGORIA` (`ID_CATEGORIA`),
  ADD CONSTRAINT `FK_LIBRO_SAGA` FOREIGN KEY (`ID_SAGA`) REFERENCES `SAGA` (`ID_SAGA`);

-- OPINIONES_LIBROS table constraints
ALTER TABLE `OPINIONES_LIBROS`
  ADD CONSTRAINT `FK_OPINIONES_LIBROS_LIBRO` FOREIGN KEY (`ID_LIBRO`) REFERENCES `LIBRO` (`ID_LIBRO`),
  ADD CONSTRAINT `FK_OPINIONES_LIBROS_OPINION` FOREIGN KEY (`ID_OPINION`) REFERENCES `OPINION` (`ID_OPINION`),
  ADD CONSTRAINT `FK_OPINIONES_LIBROS_USUARIO` FOREIGN KEY (`ID_USUARIO`) REFERENCES `USUARIO` (`ID_USUARIO`);

-- PEDIDO table constraints
ALTER TABLE `PEDIDO`
  ADD CONSTRAINT `FK_LISTAS_USUARIOS_USUARIO` FOREIGN KEY (`ID_USUARIO`) REFERENCES `USUARIO` (`ID_USUARIO`),
  ADD CONSTRAINT `FK_PEDIDO_ESTADO_PEDIDO` FOREIGN KEY (`ID_ESTADO_PEDIDO`) REFERENCES `ESTADO_PEDIDO` (`ID_ESTADO_PEDIDO`);

-- PEDIDOS_PRODUCTOS table constraints
ALTER TABLE `PEDIDOS_PRODUCTOS`
  ADD CONSTRAINT `FK_PEDIDOS_PRODUCTOS_PEDIDO` FOREIGN KEY (`ID_PEDIDO`) REFERENCES `PEDIDO` (`ID_PEDIDO`),
  ADD CONSTRAINT `FK_PEDIDOS_PRODUCTOS_PRODUCTO` FOREIGN KEY (`ID_PRODUCTO`) REFERENCES `PRODUCTO` (`ID_PRODUCTO`);

-- PRODUCTO table constraints
ALTER TABLE `PRODUCTO`
  ADD CONSTRAINT `FK_PRODUCTO_EDITORIAL` FOREIGN KEY (`ID_EDITORIAL`) REFERENCES `EDITORIAL` (`ID_EDITORIAL`),
  ADD CONSTRAINT `FK_PRODUCTO_FORMATO1` FOREIGN KEY (`ID_FORMATO`) REFERENCES `FORMATO` (`ID_FORMATO`),
  ADD CONSTRAINT `FK_PRODUCTO_LIBRO1` FOREIGN KEY (`ID_LIBRO`) REFERENCES `LIBRO` (`ID_LIBRO`);

-- USUARIO table constraints
ALTER TABLE `USUARIO`
  ADD CONSTRAINT `FK_USUARIO_ESTADO` FOREIGN KEY (`ID_ESTADO`) REFERENCES `ESTADO` (`ID_ESTADO`),
  ADD CONSTRAINT `FK_USUARIO_ROL` FOREIGN KEY (`ID_ROL`) REFERENCES `ROL` (`ID_ROL`);

-- VALORACION table constraints
ALTER TABLE `VALORACION`
  ADD CONSTRAINT `FK_VALORACION_USUARIO` FOREIGN KEY (`ID_USUARIO`) REFERENCES `USUARIO` (`ID_USUARIO`);

-- VALORACIONES_PRODUCTOS table constraints
ALTER TABLE `VALORACIONES_PRODUCTOS`
  ADD CONSTRAINT `FK_VALORACIONES_PRODUCTOS_PRODUCTO` FOREIGN KEY (`ID_PRODUCTO`) REFERENCES `PRODUCTO` (`ID_PRODUCTO`),
  ADD CONSTRAINT `FK_VALORACIONES_PRODUCTOS_VALORACION` FOREIGN KEY (`ID_VALORACION`) REFERENCES `VALORACION` (`ID_VALORACION`);
-- PROCEDURES

DELIMITER $$
CREATE PROCEDURE SP_GENEROS()
BEGIN
  SELECT DISTINCT g.ID_GENERO, g.NOMBRE, g.DESCRIPCION
  FROM GENERO g
  INNER JOIN GENEROS_LIBROS gl ON gl.ID_GENERO = g.ID_GENERO
  GROUP BY g.ID_GENERO, g.NOMBRE, g.DESCRIPCION
  ORDER BY g.NOMBRE;
END $$
DELIMITER ;

DELIMITER $$
CREATE PROCEDURE SP_PRODUCTO_SIMPLE_PAGINACION(
  @posicion INT,
  @ndatos INT,
  @npaginas OUT INT
)
BEGIN
  SET @npaginas = CEILING(COUNT(ID_PRODUCTO) / CAST(@ndatos AS FLOAT));
  SELECT ID_PRODUCTO, ID_LIBRO, TITULO, PORTADA, AUTOR, PRECIO, ID_FORMATO, FORMATO, UNIDADES
  FROM (
    SELECT
      ID_PRODUCTO,
      ID_LIBRO,
      TITULO,
      PORTADA,
      AUTOR,
      PRECIO,
      ID_FORMATO,
      FORMATO,
      UNIDADES,
      ROW_NUMBER() OVER (ORDER BY ID_PRODUCTO) AS POSICION
    FROM (
      SELECT
        ID_PRODUCTO,
        ID_LIBRO,
        TITULO,
        PORTADA,
        AUTOR,
        PRECIO,
        ID_FORMATO,
        FORMATO,
        UNIDADES,
        ROW_NUMBER() OVER (PARTITION BY TITULO, AUTOR ORDER BY ID_PRODUCTO) AS REPETICION
      FROM V_PRODUCTO_SIMPLE
    ) AS QUERY
    WHERE REPETICION = 1
  ) AS PRIMEROS
  WHERE POSICION >= @ndatos * @posicion - (@ndatos - 1) AND POSICION <= @posicion * @ndatos;
END $$
DELIMITER ;

DELIMITER $$
CREATE PROCEDURE SP_PRODUCTOS()
BEGIN
  SELECT ID_PRODUCTO, ID_LIBRO, TITULO, PORTADA, AUTOR, PRECIO, ID_FORMATO, FORMATO, UNIDADES
  FROM (
    SELECT
      ID_PRODUCTO,
      ID_LIBRO,
      TITULO,
      PORTADA,
      AUTOR,
      PRECIO,
      ID_FORMATO,
      FORMATO,
      UNIDADES,
      ROW_NUMBER() OVER(PARTITION BY TITULO ORDER BY ID_PRODUCTO) AS REPETICION
    FROM V_PRODUCTO_SIMPLE
  ) AS PRODUCTOS
  WHERE REPETICION = 1
    AND TITULO IS NOT NULL
    AND AUTOR IS NOT NULL
  ORDER BY ID_PRODUCTO;
END $$
DELIMITER ;

DELIMITER $$
CREATE PROCEDURE SP_SEARCH_PRODUCTOS(
  @busqueda NVARCHAR(255),
  @posicion INT,
  @ndatos INT,
  @npaginas OUT INT
)
BEGIN
  SET @npaginas = CEILING(COUNT(ID_PRODUCTO) / CAST(@ndatos AS FLOAT));
  SELECT ID_PRODUCTO, ID_LIBRO, TITULO, PORTADA, AUTOR, PRECIO, ID_FORMATO, FORMATO, UNIDADES
  FROM (
    SELECT
      ID_PRODUCTO,
      ID_LIBRO,
      TITULO,
      PORTADA,
      AUTOR,
      PRECIO,
      ID_FORMATO,
      FORMATO,
      UNIDADES,
      ROW_NUMBER() OVER (ORDER BY ID_PRODUCTO) AS POSICION
    FROM (
      SELECT
        DISTINCT ID_PRODUCTO,
        ID_LIBRO,
        TITULO,
        PORTADA,
        AUTOR,
        PRECIO,
        ID_FORMATO,
        FORMATO,
        UNIDADES,
        SAGA,
        ROW_NUMBER() OVER (PARTITION BY TITULO, AUTOR ORDER BY ID_PRODUCTO) AS REPETICION
      FROM V_PRODUCTO_BUSCADO
    ) AS QUERY
    WHERE REPETICION = 1
      AND TITULO IS NOT NULL
      AND AUTOR IS NOT NULL
      AND LIMPIAR(TITULO) LIKE @busqueda
      OR LIMPIAR(AUTOR) LIKE @busqueda
      OR LIMPIAR(SAGA) LIKE @busqueda
  ) AS PAGINATED
  WHERE POSICION >= @ndatos * @posicion - (@ndatos - 1) AND POSICION <= @posicion * @ndatos
  ORDER BY ID_PRODUCTO;
END $$
DELIMITER ;

DELIMITER $$
CREATE PROCEDURE SP_SEARCH_PRODUCTOS_FILTRO(
  @busqueda NVARCHAR(255),
  @posicion INT,
  @ndatos INT,
  @categorias NVARCHAR(255),
  @generos NVARCHAR(255),
  @npaginas OUT INT
)
BEGIN
  SET @npaginas = CEILING(COUNT(ID_PRODUCTO) / CAST(@ndatos AS FLOAT));
  SELECT ID_PRODUCTO, ID_LIBRO, TITULO, PORTADA, AUTOR, PRECIO, ID_FORMATO, FORMATO, UNIDADES
  FROM (
    SELECT
      DISTINCT ID_PRODUCTO,
      ID_LIBRO,
      TITULO,
      PORTADA,
      AUTOR,
      PRECIO,
      ID_FORMATO,
      FORMATO,
      UNIDADES,
      SAGA,
      ROW_NUMBER() OVER (PARTITION BY TITULO, AUTOR ORDER BY ID_PRODUCTO) AS REPETICION
    FROM V_PRODUCTO_BUSCADO
    WHERE ID_CATEGORIA IN (SELECT CAST(value AS INT) FROM STRING_SPLIT(@categorias, ','))
      AND ID_GENERO IN (SELECT CAST(value AS INT) FROM STRING_SPLIT(@generos, ','))
  ) AS QUERY
  WHERE REPETICION = 1
    AND TITULO IS NOT NULL
    AND AUTOR IS NOT NULL
    AND LIMPIAR(TITULO) LIKE @busqueda
    OR LIMPIAR(AUTOR) LIKE @busqueda
    OR LIMPIAR(SAGA) LIKE @busqueda
  ORDER BY ID_PRODUCTO;
END $$
DELIMITER ;
